DAY,DAILY_PRICE_ETH,DAILY_PRICE_USDC,DAILY_PRICE_WETH,COMPOSITION_ETH,COMPOSITION_USDC,COMPOSITION_WETH,DAILY_PRICE_DPI,DAILY_PRICE_PAXG,DAILY_PRICE_RETH,DAILY_PRICE_SOL,DAILY_PRICE_WBTC,DAILY_PRICE_WSTETH,COMPOSITION_RETH,COMPOSITION_DPI,COMPOSITION_SOL,COMPOSITION_WSTETH,COMPOSITION_WBTC,COMPOSITION_PAXG
2023-03-22,1743.36,1.0,1743.36,1.0,0.0,0.0,84.457210502,1994.171241085,1943.193724485,22.885375555,28791.601012778,2023.790378283,0.0,0.0,0.0,0.0,0.0,0.0
2023-03-23,1825.05,1.0,1825.05,1.0,0.0,0.0,83.412665781,2014.229622489,1978.132072946,26.028662106,28754.493593851,2058.390352704,0.0,0.0,0.0,0.0,0.0,0.0
2023-03-24,1765.28,1.01,1765.28,1.0,0.0,0.0,82.238418057,2010.110781306,1952.633363198,22.130989591,28510.610009329,2032.886739481,0.0,0.0,0.0,0.0,0.0,0.0
2023-03-25,1750.66,1.01,1750.66,1.0,0.0,0.0,78.278926086,2015.053186102,1893.528756803,21.123700342,27881.394352652,1968.846230625,0.0,0.0,0.0,0.0,0.0,0.0
2023-03-26,1780.12,0.999827,1780.12,1.0,0.0,0.0,78.453327571,2011.649185613,1924.050864707,21.123649725,28280.352719093,2006.394027798,0.0,0.0,0.0,0.0,0.0,0.0
2023-03-27,1715.79,1.0,1715.79,1.0,0.0,0.0,78.168950697,1996.901120229,1906.839851192,21.146667956,28135.134139146,1988.089198866,0.0,0.0,0.0,0.0,0.0,0.0
2023-03-28,1776.09,1.0,1776.09,1.0,0.0,0.0,77.418001515,1994.554395764,1908.297611364,20.577595596,27468.231997096,1987.677518426,0.0,0.0,0.0,0.0,0.0,0.0
2023-03-29,1796.95,1.0,1796.95,1.0,0.0,0.0,79.511278736,1992.001593353,1948.532497165,21.309309619,28572.145533584,2031.31573408,0.0,0.0,0.0,0.0,0.0,0.0
2023-03-30,1789.78,1.0,1789.78,1.0,0.0,0.0,80.007875469,1986.142860214,1946.347180908,21.269136616,29026.382009881,2027.495403322,0.0,0.0,0.0,0.0,0.0,0.0
2023-03-31,1828.17,1.0,1828.17,1.0,0.0,0.0,79.708964396,1989.137671811,1972.208336383,21.037217311,28540.988405999,2052.335041875,0.0,0.0,0.0,0.0,0.0,0.0
2023-04-01,1824.58,1.0,1824.58,1.0,0.0,0.0,80.361779434,1978.369996069,1961.556130122,21.523920096,28633.219640687,2044.467126437,0.0,0.0,0.0,0.0,0.0,0.0
2023-04-02,1793.64,1.0,1793.64,1.0,0.0,0.0,80.680084013,1975.951617807,1953.659157293,21.16627928,28613.255245223,2037.6345339,0.0,0.0,0.0,0.0,0.0,0.0
2023-04-03,1812.78,1.0,1812.78,1.0,0.0,0.0,80.156558207,1992.423532985,1969.03680394,20.771790497,28420.275049966,2049.603868068,0.0,0.0,0.0,0.0,0.0,0.0
2023-04-04,1861.67,1.0,1861.67,1.0,0.0,0.0,81.77743962,2025.746195472,2017.523503824,21.315065215,28432.370383215,2099.067522712,0.0,0.0,0.0,0.0,0.0,0.0
2023-04-05,1910.42,1.0,1910.42,1.0,0.0,0.0,84.006110243,2048.041524762,2043.935663653,21.173494931,28691.919245727,2140.848570338,0.0,0.0,0.0,0.0,0.0,0.0
2023-04-06,1871.94,0.999959,1871.94,1.0,0.0,0.0,82.954865849,2032.151761701,2037.53185523,20.840393661,28206.212622773,2131.703535472,0.0,0.0,0.0,0.0,0.0,0.0
2023-04-07,1867.75,1.0,1867.75,1.0,0.0,0.0,81.615848914,2025.584600073,2008.041712253,20.635271462,28132.735381102,2097.412568775,0.0,0.0,0.0,0.0,0.0,0.0
2023-04-08,1856.15,1.0,1856.15,1.0,0.0,0.0,81.960835713,2023.384322909,2005.17405764,20.544488818,28111.191676657,2093.418075229,0.0,0.0,0.0,0.0,0.0,0.0
2023-04-09,1862.99,0.999721,1862.99,1.0,0.0,0.0,80.672320767,2026.396293563,1997.042984233,20.496729841,28430.84873703,2086.525482057,0.0,0.0,0.0,0.0,0.0,0.0
2023-04-10,1912.27,0.998812,1912.27,1.0,0.0,0.0,81.985963148,2020.006324499,2022.576757898,20.575763619,29242.527986741,2113.381945786,0.0,0.0,0.0,0.0,0.0,0.0
2023-04-11,1890.31,0.99948,1890.31,1.0,0.0,0.0,83.171598809,2027.163443195,2052.403987416,23.496832273,30220.755459183,2144.492285925,0.0,0.0,0.0,0.0,0.0,0.0
2023-04-12,1924.25,0.999684,1924.25,1.0,0.0,0.0,81.850001577,2031.122302045,2053.702041837,24.033914743,30250.694173575,2146.76536696,0.0,0.0,0.0,0.0,0.0,0.0
2023-04-13,2004.89,0.999446,2004.89,1.0,0.0,0.0,83.731000574,2045.603775015,2153.306239909,24.9849954,30527.349933916,2253.051423233,0.0,0.0,0.0,0.0,0.0,0.0
2023-04-14,2102.49,1.0,2102.49,1.0,0.0,0.0,86.718889121,2052.1250835,2269.362468551,25.472858058,31208.617526964,2375.858042704,0.0,0.0,0.0,0.0,0.0,0.0
2023-04-15,2094.32,1.0,2094.32,1.0,0.0,0.0,86.515330065,2025.655366566,2254.295561034,24.922344504,30552.106994168,2356.259882645,0.0,0.0,0.0,0.0,0.0,0.0
2023-04-16,2120.14,0.999604,2120.14,1.0,0.0,0.0,87.531517241,2024.66604692,2276.836848385,25.75530692,30550.573315821,2382.896473915,0.0,0.0,0.0,0.0,0.0,0.0
2023-04-17,2077.31,0.999458,2077.31,1.0,0.0,0.0,87.422060807,2027.938332905,2274.836035932,25.880906857,30432.749743297,2379.702006903,0.0,0.0,0.0,0.0,0.0,0.0
2023-04-18,2093.64,0.999987,2093.64,1.0,0.0,0.0,87.057452133,2024.490526174,2265.164877435,25.183926946,30390.965032245,2371.626211035,0.0,0.0,0.0,0.0,0.0,0.0
2023-04-19,1946.61,1.0,1946.61,1.0,0.0,0.0,86.739617073,2015.119719621,2246.261431531,24.569591902,30357.805571213,2355.306757471,0.0,0.0,0.0,0.0,0.0,0.0
2023-04-20,1944.89,0.999176,1944.89,1.0,0.0,0.0,81.40179931,2013.400851676,2107.176659332,23.06068667,29078.549066385,2207.275212422,0.0,0.0,0.0,0.0,0.0,0.0
2023-04-21,1850.51,1.0,1850.51,1.0,0.0,0.0,79.260726317,2006.250920887,2082.886745604,22.238140255,28354.450070291,2182.550712302,0.0,0.0,0.0,0.0,0.0,0.0
2023-04-22,1878.76,1.0,1878.76,1.0,0.0,0.0,76.787539703,1987.337789788,2008.931400978,22.157384505,27685.94311977,2104.876797004,0.0,0.0,0.0,0.0,0.0,0.0
2023-04-23,1866.36,1.0,1866.36,1.0,0.0,0.0,76.812903788,1978.916969727,2004.885914229,22.07805861,27860.025919677,2119.768382562,0.0,0.0,0.0,0.0,0.0,0.0
2023-04-24,1839.56,0.999817,1839.56,1.0,0.0,0.0,75.578947692,1993.189647188,1999.620681954,21.79464991,27742.445059338,2132.681305671,0.0,0.0,0.0,0.0,0.0,0.0
2023-04-25,1866.36,1.0,1866.36,1.0,0.0,0.0,75.086644674,2003.968890877,1996.29741914,21.552563055,28004.143964679,2095.293900054,0.0,0.0,0.0,0.0,0.0,0.0
2023-04-26,1868.55,1.0,1868.55,1.0,0.0,0.0,79.180607116,2005.303161506,2092.548950921,22.893393566,29810.098481145,2190.308326397,0.0,0.0,0.0,0.0,0.0,0.0
2023-04-27,1908.71,1.0,1908.71,1.0,0.0,0.0,76.689192362,2001.816957649,2066.341822189,22.920800829,29810.932800575,2166.294467768,0.0,0.0,0.0,0.0,0.0,0.0
2023-04-28,1892.75,0.999734,1892.75,1.0,0.0,0.0,76.518662801,1989.376287347,2053.440381783,23.167917241,29523.696606349,2151.418412471,0.0,0.0,0.0,0.0,0.0,0.0
2023-04-29,1907.16,1.0,1907.16,1.0,0.0,0.0,76.252707443,1996.994085778,2046.234900716,24.042745161,29449.720857673,2145.5128492,0.0,0.0,0.0,0.0,0.0,0.0
2023-04-30,1888.96,1.0,1888.96,1.0,0.0,0.0,77.757780007,2000.862214971,2059.85731668,24.241544366,29818.345944029,2160.341121397,0.0,0.0,0.0,0.0,0.0,0.0
2023-05-01,1830.43,1.0,1830.43,1.0,0.0,0.0,75.35441748,2003.957824903,2023.490986884,22.948338761,29414.113930024,2123.143806731,0.0,0.0,0.0,0.0,0.0,0.0
2023-05-02,1880.43,0.999349,1880.43,1.0,0.0,0.0,74.263807791,2016.867278203,2001.891097941,22.615486566,28788.664377338,2099.084998292,0.0,0.0,0.0,0.0,0.0,0.0
2023-05-03,1907.47,1.0,1907.47,1.0,0.0,0.0,74.532567988,2034.874530836,2027.387128939,22.104018195,29002.541794634,2123.927690083,0.0,0.0,0.0,0.0,0.0,0.0
2023-05-04,1877.84,0.999989,1877.84,1.0,0.0,0.0,75.232317823,2050.85154101,2045.112057849,22.272190597,29305.186160802,2142.143377737,0.0,0.0,0.0,0.0,0.0,0.0
2023-05-05,1997.37,1.0,1997.37,1.0,0.0,0.0,76.613863134,2051.456986952,2134.246720243,22.992062185,29709.521826233,2233.99260884,0.0,0.0,0.0,0.0,0.0,0.0
2023-05-06,1901.66,1.0,1901.66,1.0,0.0,0.0,76.475606663,2024.355427877,2144.936210704,22.850391136,29752.554890121,2246.601422275,0.0,0.0,0.0,0.0,0.0,0.0
2023-05-07,1913.53,1.0,1913.53,1.0,0.0,0.0,75.990375716,2024.700662071,2067.219852481,22.517017208,29104.001397728,2165.460308789,0.0,0.0,0.0,0.0,0.0,0.0
2023-05-08,1846.58,1.0,1846.58,1.0,0.0,0.0,74.551132358,2035.050849104,2049.441492913,22.496187107,28851.105211786,2146.16038537,0.0,0.0,0.0,0.0,0.0,0.0
2023-05-09,1843.75,1.0,1843.75,1.0,0.0,0.0,69.394187592,2042.550987843,1980.692994084,20.972332595,27773.002807923,2076.394817926,0.0,0.0,0.0,0.0,0.0,0.0
2023-05-10,1842.29,0.999165,1842.29,1.0,0.0,0.0,69.487834406,2051.878199356,2012.549062219,20.970750139,28236.791905155,2110.628595376,0.0,0.0,0.0,0.0,0.0,0.0
2023-05-11,1791.46,0.999404,1791.46,1.0,0.0,0.0,68.72478655,2045.283137307,1973.479904429,20.836744322,27593.039736546,2070.946952571,0.0,0.0,0.0,0.0,0.0,0.0
2023-05-12,1807.54,1.0,1807.54,1.0,0.0,0.0,67.083332312,2026.986058492,1936.948282185,20.852652695,27035.723959065,2029.55300917,0.0,0.0,0.0,0.0,0.0,0.0
2023-05-13,1804.6,1.0,1804.6,1.0,0.0,0.0,66.721619685,2027.822198505,1941.010602295,21.150778233,26949.533143877,2035.228654244,0.0,0.0,0.0,0.0,0.0,0.0
2023-05-14,1799.13,1.001,1799.13,1.0,0.0,0.0,66.677713175,2021.43233777,1952.873325736,21.262767129,27158.621986811,2045.631239637,0.0,0.0,0.0,0.0,0.0,0.0
2023-05-15,1823.18,0.999372,1823.18,1.0,0.0,0.0,69.574401116,2028.954096468,1965.027042642,21.554435831,27466.465609837,2060.874162463,0.0,0.0,0.0,0.0,0.0,0.0
2023-05-16,1822.02,0.999543,1822.02,1.0,0.0,0.0,69.557676305,2019.906175985,1959.662103384,21.296271745,27298.007205355,2053.949714873,0.0,0.0,0.0,0.0,0.0,0.0
2023-05-17,1821.76,1.0,1821.76,1.0,0.0,0.0,69.697312329,2003.188892599,1963.307942343,21.228948056,27370.87625848,2058.10506362,0.0,0.0,0.0,0.0,0.0,0.0
2023-05-18,1808.78,1.0,1808.78,1.0,0.0,0.0,71.548069851,1996.441069093,1959.826401456,21.053397378,27412.19604096,2055.780294226,0.0,0.0,0.0,0.0,0.0,0.0
2023-05-19,1812.61,0.999659,1812.61,1.0,0.0,0.0,69.380206942,1996.940798289,1950.743731418,20.456101793,26957.248471665,2045.27821806,0.0,0.0,0.0,0.0,0.0,0.0
2023-05-20,1818.24,1.0,1818.24,1.0,0.0,0.0,69.594307136,1997.32996408,1956.609288309,20.422164101,27089.012563124,2051.727406709,0.0,0.0,0.0,0.0,0.0,0.0
2023-05-21,1806.85,0.999983,1806.85,1.0,0.0,0.0,69.649509661,1997.352649158,1960.289091383,20.455512811,27212.840678625,2055.760236058,0.0,0.0,0.0,0.0,0.0,0.0
2023-05-22,1819.54,0.999816,1819.54,1.0,0.0,0.0,68.82397223,1989.292372405,1956.868869585,19.786957306,27010.906342249,2052.638792618,0.0,0.0,0.0,0.0,0.0,0.0
2023-05-23,1852.6,0.999467,1852.6,1.0,0.0,0.0,70.406709635,1985.051893988,1999.547648688,20.318807015,27437.214276639,2098.781722634,0.0,0.0,0.0,0.0,0.0,0.0
2023-05-24,1800.12,0.999265,1800.12,1.0,0.0,0.0,69.291087646,1990.33760511,1988.775901025,19.942174815,27258.10109246,2086.356478688,0.0,0.0,0.0,0.0,0.0,0.0
2023-05-25,1809.44,1.001,1809.44,1.0,0.0,0.0,68.650842548,1974.038924795,1942.25076968,19.58175316,26499.506495855,2038.080643716,0.0,0.0,0.0,0.0,0.0,0.0
2023-05-26,1828.34,0.999474,1828.34,1.0,0.0,0.0,68.399679622,1972.944328373,1967.682696133,19.453198729,26824.28642784,2065.772424826,0.0,0.0,0.0,0.0,0.0,0.0
2023-05-27,1831.21,0.999791,1831.21,1.0,0.0,0.0,68.142923098,1965.236265037,1969.467280366,19.801931198,26814.131644696,2066.110133666,0.0,0.0,0.0,0.0,0.0,0.0
2023-05-28,1910.33,1.0,1910.33,1.0,0.0,0.0,69.130872297,1969.625019547,1992.814415544,20.973518872,27811.438868375,2097.910431252,0.0,0.0,0.0,0.0,0.0,0.0
2023-05-29,1894.23,0.998654,1894.23,1.0,0.0,0.0,71.737276659,1965.297905504,2057.212890158,21.38014834,28211.577756193,2158.124694363,0.0,0.0,0.0,0.0,0.0,0.0
2023-05-30,1898.13,0.998232,1898.13,1.0,0.0,0.0,70.878538281,1973.406393018,2056.349790662,21.991036599,28003.025416172,2157.242532114,0.0,0.0,0.0,0.0,0.0,0.0
2023-05-31,1868.46,0.999622,1868.46,1.0,0.0,0.0,70.258876163,1979.868097543,2047.320213682,21.77621785,27787.286889932,2146.469949419,0.0,0.0,0.0,0.0,0.0,0.0
2023-06-01,1866.42,1.0,1866.42,1.0,0.0,0.0,68.485381412,1985.247410758,2016.260045475,21.119447179,27291.272280105,2116.698335679,0.0,0.0,0.0,0.0,0.0,0.0
2023-06-02,1906.7,0.999687,1906.7,1.0,0.0,0.0,69.286025521,1986.187098133,2049.998743832,21.402028585,27306.007792711,2151.894034913,0.0,0.0,0.0,0.0,0.0,0.0
2023-06-03,1890.88,0.999972,1890.88,1.0,0.0,0.0,70.097947813,1958.660317647,2048.860240211,21.363409455,27308.14991585,2151.145608857,0.0,0.0,0.0,0.0,0.0,0.0
2023-06-04,1903.05,0.99972,1903.05,1.0,0.0,0.0,70.022583958,1949.556500536,2048.993358346,22.388865287,27284.867311798,2149.153243655,0.0,0.0,0.0,0.0,0.0,0.0
2023-06-05,1810.37,0.999649,1810.37,1.0,0.0,0.0,68.804392269,1951.971095086,2047.390448515,22.308180205,27299.546638902,2148.173686957,0.0,0.0,0.0,0.0,0.0,0.0
2023-06-06,1884.12,1.001,1884.12,1.0,0.0,0.0,69.563405238,1947.320106873,2034.718514748,20.560381649,27136.931363309,2130.727851451,0.0,0.0,0.0,0.0,0.0,0.0
2023-06-07,1828.01,0.999811,1828.01,1.0,0.0,0.0,67.463483353,1936.719609177,2026.742178619,20.69483924,27291.552002808,2130.919604012,0.0,0.0,0.0,0.0,0.0,0.0
2023-06-08,1848.6,0.999047,1848.6,1.0,0.0,0.0,64.89309461,1944.622076887,1998.135547973,19.068654371,26695.067911666,2097.577956275,0.0,0.0,0.0,0.0,0.0,0.0
2023-06-09,1836.7,0.999729,1836.7,1.0,0.0,0.0,64.29300487,1934.149632925,1989.48094863,19.216862661,26682.882946673,2086.93770938,0.0,0.0,0.0,0.0,0.0,0.0
2023-06-10,1753.34,0.999477,1753.34,1.0,0.0,0.0,64.207727995,1927.485753142,1976.089365545,17.328097252,26468.377211127,2075.041855629,0.0,0.0,0.0,0.0,0.0,0.0
2023-06-11,1754.89,0.999731,1754.89,1.0,0.0,0.0,56.445044611,1922.863923811,1899.693037433,16.386639847,26113.64108875,1994.129178513,0.0,0.0,0.0,0.0,0.0,0.0
2023-06-12,1743.05,0.999793,1743.05,1.0,0.0,0.0,56.7778756,1933.38602741,1885.310059527,16.002954056,26039.357363976,1979.600463846,0.0,0.0,0.0,0.0,0.0,0.0
2023-06-13,1737.25,1.0,1737.25,1.0,0.0,0.0,57.99188369,1936.19867163,1886.993321065,15.615396586,26193.415115306,1980.358218619,0.0,0.0,0.0,0.0,0.0,0.0
2023-06-14,1649.41,1.001,1649.41,1.0,0.0,0.0,58.64052321,1936.488831662,1877.477611441,15.389018287,26013.078055091,1968.750951358,0.0,0.0,0.0,0.0,0.0,0.0
2023-06-15,1661.59,0.999401,1661.59,1.0,0.0,0.0,57.249987325,1934.659396495,1791.611907825,14.774574771,25527.874624815,1878.793594559,0.0,0.0,0.0,0.0,0.0,0.0
2023-06-16,1717.8,0.999859,1717.8,1.0,0.0,0.0,58.477970263,1940.924666906,1851.758097426,15.47585304,26371.003212213,1944.155082974,0.0,0.0,0.0,0.0,0.0,0.0
2023-06-17,1729.59,1.0,1729.59,1.0,0.0,0.0,60.654993715,1947.550916087,1885.85554005,15.754414863,26692.435272586,1980.659273419,0.0,0.0,0.0,0.0,0.0,0.0
2023-06-18,1720.24,0.999937,1720.24,1.0,0.0,0.0,57.835974046,1932.686117374,1873.36494174,16.192901392,26602.416784474,1968.205497007,0.0,0.0,0.0,0.0,0.0,0.0
2023-06-19,1734.89,0.99918,1734.89,1.0,0.0,0.0,59.717878015,1931.197086527,1865.421932839,15.977525305,26823.903553495,1958.252826015,0.0,0.0,0.0,0.0,0.0,0.0
2023-06-20,1784.88,1.0,1784.88,1.0,0.0,0.0,61.076918358,1936.324180081,1917.986398783,16.362261063,28079.696544039,2013.803535395,0.0,0.0,0.0,0.0,0.0,0.0
2023-06-21,1897.61,1.0,1897.61,1.0,0.0,0.0,64.095060679,1928.673860682,2025.263065716,17.296508006,30437.495528814,2126.149037726,0.0,0.0,0.0,0.0,0.0,0.0
2023-06-22,1874.61,1.001,1874.61,1.0,0.0,0.0,65.54825575,1924.945976662,2067.43250753,17.834156873,30299.300910718,2170.241740503,0.0,0.0,0.0,0.0,0.0,0.0
2023-06-23,1894.39,1.001,1894.39,1.0,0.0,0.0,64.681360089,1917.215479382,2064.061091006,17.401410305,31157.795031345,2167.118740572,0.0,0.0,0.0,0.0,0.0,0.0
2023-06-24,1877.08,0.999989,1877.08,1.0,0.0,0.0,65.517956905,1916.926888942,2038.859303725,17.430843981,30772.451296473,2141.857352984,0.0,0.0,0.0,0.0,0.0,0.0
2023-06-25,1898.77,0.99884,1898.77,1.0,0.0,0.0,70.439776603,1912.054597148,2065.162160134,17.399776311,30910.176186845,2170.275791161,0.0,0.0,0.0,0.0,0.0,0.0
2023-06-26,1857.02,1.0,1857.02,1.0,0.0,0.0,68.033168218,1915.483845161,2045.418976765,16.977113248,30460.496825288,2147.60536206,0.0,0.0,0.0,0.0,0.0,0.0
2023-06-27,1887.66,0.999735,1887.66,1.0,0.0,0.0,67.031596723,1912.818314156,2044.730969684,16.905575604,30735.676385426,2152.317401403,0.0,0.0,0.0,0.0,0.0,0.0
2023-06-28,1834.67,1.001,1834.67,1.0,0.0,0.0,65.471820171,1906.120478658,2032.346198888,16.695126626,30640.061049595,2136.084109679,0.0,0.0,0.0,0.0,0.0,0.0
2023-06-29,1853.25,1.001,1853.25,1.0,0.0,0.0,66.276138212,1896.289156151,2010.331000152,18.02274849,30658.36858652,2112.688596339,0.0,0.0,0.0,0.0,0.0,0.0
2023-06-30,1934.32,1.0,1934.32,1.0,0.0,0.0,70.882750376,1906.844115648,2086.21886619,19.59148401,31148.193905716,2191.405851853,0.0,0.0,0.0,0.0,0.0,0.0
2023-07-01,1922.42,1.0,1922.42,1.0,0.0,0.0,71.189528652,1902.904879245,2085.677055909,19.194282265,30606.978066255,2190.435003081,0.0,0.0,0.0,0.0,0.0,0.0
2023-07-02,1935.32,1.001,1935.32,1.0,0.0,0.0,73.392686353,1898.282911429,2068.200589671,19.459922021,30613.360707217,2174.153627928,0.0,0.0,0.0,0.0,0.0,0.0
2023-07-03,1952.69,1.001,1952.69,1.0,0.0,0.0,76.776171445,1903.364217826,2118.485422824,19.669980268,31277.715430229,2227.894465684,0.0,0.0,0.0,0.0,0.0,0.0
2023-07-04,1940.45,1.001,1940.45,1.0,0.0,0.0,80.317819073,1904.532914301,2113.747623931,19.664876208,31277.178521763,2220.278133338,0.0,0.0,0.0,0.0,0.0,0.0
2023-07-05,1907.68,0.998944,1907.68,1.0,0.0,0.0,78.385039763,1900.767384499,2089.768593238,19.517174104,30884.535022407,2195.389847678,0.0,0.0,0.0,0.0,0.0,0.0
2023-07-06,1856.0,1.002,1856.0,1.0,0.0,0.0,77.586831926,1908.043641007,2091.444011498,20.835944627,31213.781913002,2197.899535676,0.0,0.0,0.0,0.0,0.0,0.0
2023-07-07,1869.05,1.0,1869.05,1.0,0.0,0.0,73.493923739,1911.818327211,2018.649631421,21.446545865,30398.648516212,2119.835219736,0.0,0.0,0.0,0.0,0.0,0.0
2023-07-08,1863.19,1.001,1863.19,1.0,0.0,0.0,74.738690279,1907.396769965,2012.800875033,22.632594904,30340.018173489,2114.167490091,0.0,0.0,0.0,0.0,0.0,0.0
2023-07-09,1864.71,1.0,1864.71,1.0,0.0,0.0,75.291859103,1906.184110567,2019.278774197,22.110930432,30387.227167435,2120.323753501,0.0,0.0,0.0,0.0,0.0,0.0
2023-07-10,1879.19,0.999604,1879.19,1.0,0.0,0.0,76.995626559,1917.488811943,2046.672135605,21.696131256,30788.876234343,2150.057661489,0.0,0.0,0.0,0.0,0.0,0.0
2023-07-11,1877.55,0.99978,1877.55,1.0,0.0,0.0,76.186222158,1919.680242055,2030.266403426,22.481689215,30635.909188525,2134.0850743,0.0,0.0,0.0,0.0,0.0,0.0
2023-07-12,1870.33,1.0,1870.33,1.0,0.0,0.0,75.542017165,1943.836134859,2044.199511265,22.609346817,30857.437464419,2147.064612863,0.0,0.0,0.0,0.0,0.0,0.0
2023-07-13,1995.32,0.999181,1995.32,1.0,0.0,0.0,78.249810402,1955.368993236,2150.197811608,26.713129775,31641.049682592,2259.411551552,0.0,0.0,0.0,0.0,0.0,0.0
2023-07-14,1928.97,0.999804,1928.97,1.0,0.0,0.0,80.511534835,1942.536535781,2173.887418624,29.775115464,31507.710753912,2285.151731161,0.0,0.0,0.0,0.0,0.0,0.0
2023-07-15,1930.33,1.0,1930.33,1.0,0.0,0.0,81.244467104,1929.116769243,2092.159355779,28.92138418,30372.797941648,2198.851784367,0.0,0.0,0.0,0.0,0.0,0.0
2023-07-16,1932.8,0.999973,1932.8,1.0,0.0,0.0,82.762871655,1927.406233442,2091.016077166,28.478223903,30412.985174196,2197.288646357,0.0,0.0,0.0,0.0,0.0,0.0
2023-07-17,1912.32,0.998759,1912.32,1.0,0.0,0.0,81.72106585,1929.588501173,2084.477465535,28.299970874,30349.367635064,2189.536940601,0.0,0.0,0.0,0.0,0.0,0.0
2023-07-18,1899.39,1.0,1899.39,1.0,0.0,0.0,79.672076283,1943.406296178,2062.268875191,26.864798713,30185.340175848,2168.302670542,0.0,0.0,0.0,0.0,0.0,0.0
2023-07-19,1888.9,1.0,1888.9,1.0,0.0,0.0,82.112448262,1943.445151529,2065.807961619,26.931473336,30167.611986609,2167.411759441,0.0,0.0,0.0,0.0,0.0,0.0
2023-07-20,1893.41,1.0,1893.41,1.0,0.0,0.0,80.440851138,1941.727452379,2071.355608485,28.081989956,30364.894583604,2175.37789367,0.0,0.0,0.0,0.0,0.0,0.0
2023-07-21,1893.16,1.0,1893.16,1.0,0.0,0.0,84.018073495,1935.051823934,2048.811013089,25.861881801,30010.960465135,2152.278918909,0.0,0.0,0.0,0.0,0.0,0.0
2023-07-22,1875.07,1.0,1875.07,1.0,0.0,0.0,86.934913087,1928.888899528,2043.439097032,26.405724266,29970.057597888,2147.256548795,0.0,0.0,0.0,0.0,0.0,0.0
2023-07-23,1886.65,1.0,1886.65,1.0,0.0,0.0,83.57723551,1929.880234516,2050.203480102,25.477232009,30202.597094436,2154.686584549,0.0,0.0,0.0,0.0,0.0,0.0
2023-07-24,1849.19,0.999874,1849.19,1.0,0.0,0.0,81.810935629,1938.749112988,2036.440617556,24.682048341,30032.501310029,2139.680433003,0.0,0.0,0.0,0.0,0.0,0.0
2023-07-25,1858.14,1.001,1858.14,1.0,0.0,0.0,78.631415817,1946.363319296,2008.476699711,23.563567415,29245.18523172,2112.134606271,0.0,0.0,0.0,0.0,0.0,0.0
2023-07-26,1874.21,1.001,1874.21,1.0,0.0,0.0,79.63985334,1957.276365499,2029.323897631,25.711451508,29567.25477237,2133.671929045,0.0,0.0,0.0,0.0,0.0,0.0
2023-07-27,1858.02,0.999838,1858.02,1.0,0.0,0.0,81.732005108,1962.361449764,2031.30105768,25.458102901,29574.885073485,2137.16404907,0.0,0.0,0.0,0.0,0.0,0.0
2023-07-28,1875.83,1.000165583,1875.83,1.0,0.0,0.0,83.274122422,1950.431454261,2024.889324424,25.555558647,29409.251489305,2127.431635035,0.0,0.0,0.0,0.0,0.0,0.0
2023-07-29,1880.847798019,1.0,1880.847798019,1.0,0.0,0.0,81.791746244,1951.446557487,2031.991610004,25.251063034,29381.311312963,2136.065789956,0.0,0.0,0.0,0.0,0.0,0.0
2023-07-30,1860.12,1.001,1860.12,1.0,0.0,0.0,81.935444077,1950.788371263,2028.702922715,25.381190957,29408.241129038,2132.470332533,0.0,0.0,0.0,0.0,0.0,0.0
2023-07-31,1855.85,1.0,1855.85,0.9913477821,0.008652217944,0.0,83.10977592,1960.18059759,2023.108050411,24.85819257,29460.820251926,2121.429896401,0.0,0.0,0.0,0.0,0.0,0.0
2023-08-01,1860.22,1.002,1860.22,0.9913564581,0.008643541858,0.0,81.940207828,1953.369911367,2008.650773573,24.020800832,29278.19634641,2109.923054383,0.0,0.0,0.0,0.0,0.0,0.0
2023-08-02,1837.97,0.999056,1837.97,0.9912858074,0.008714192639,0.0,82.639206726,1949.080648351,2020.09030334,24.150242213,29859.87874301,2122.386442987,0.0,0.0,0.0,0.0,0.0,0.0
2023-08-03,1838.14,0.99938,1838.14,0.9912889648,0.008711035245,0.0,78.291884777,1934.530400841,1993.263030602,23.193739091,29302.310418542,2095.759267905,0.0,0.0,0.0,0.0,0.0,0.0
2023-08-04,1824.25,0.999975,1824.25,0.9912249542,0.008775045849,0.0,79.263853178,1942.960559165,1992.813511987,23.522128293,29274.050569775,2094.335996733,0.0,0.0,0.0,0.0,0.0,0.0
2023-08-05,1835.23,1.0,1835.23,0.9912819369,0.008718063147,0.0,78.018364957,1944.83416907,1980.776704491,22.960236224,29062.195787232,2081.434906588,0.0,0.0,0.0,0.0,0.0,0.0
2023-08-06,1825.86,1.0,1825.86,0.9912427658,0.008757234242,0.0,78.534941915,1942.082152931,1982.470344259,23.299888771,29043.225719783,2082.734675698,0.0,0.0,0.0,0.0,0.0,0.0
2023-08-07,1824.25,0.999545,1824.25,0.9912545572,0.008745442831,0.0,79.386918032,1945.059635914,1990.429810475,23.484608743,29196.515408549,2090.49111707,0.0,0.0,0.0,0.0,0.0,0.0
2023-08-08,1857.68,1.0,1857.68,0.9914152854,0.008584714594,0.0,80.69049396,1942.84575892,2026.81367275,24.761586312,29946.029670789,2115.161011748,0.0,0.0,0.0,0.0,0.0,0.0
2023-08-09,1855.3,0.999609,1855.3,0.9914076995,0.008592300489,0.0,79.209688119,1936.020242381,2029.981419952,25.935254721,29999.546485714,2117.964948636,0.0,0.0,0.0,0.0,0.0,0.0
2023-08-10,1848.84,1.0,1848.84,0.9913745927,0.008625407301,0.0,79.028997089,1924.70661428,2023.280660458,24.753600139,29616.414421976,2114.438340556,0.0,0.0,0.0,0.0,0.0,0.0
2023-08-11,1846.09,1.0,1846.09,0.9913720219,0.008627978107,0.0,78.145242533,1918.590734099,2012.171996203,24.757718398,29482.614119184,2102.543757816,0.0,0.0,0.0,0.0,0.0,0.0
2023-08-12,1848.19,0.999909,1848.19,0.9913899871,0.00861001289,0.0,76.701542211,1910.839054594,2012.254958889,24.845067751,29461.597542759,2102.747709098,0.0,0.0,0.0,0.0,0.0,0.0
2023-08-13,1839.09,0.999731,1839.09,0.9913548707,0.008645129258,0.0,76.809933178,1905.742337976,2018.453016039,25.15026045,29473.173208778,2110.141653714,0.0,0.0,0.0,0.0,0.0,0.0
2023-08-14,1843.37,0.999934,1843.37,0.9913792644,0.008620735577,0.0,78.895572361,1910.323083541,2014.130747277,25.252137506,29579.708140325,2103.959852516,0.0,0.0,0.0,0.0,0.0,0.0
2023-08-15,1829.72,1.001,1829.72,0.9913063331,0.008693666896,0.0,78.542087643,1906.59230349,2005.850393748,26.319382914,29458.244337667,2095.208990458,0.0,0.0,0.0,0.0,0.0,0.0
2023-08-16,1807.66,1.001,1807.66,0.9912011724,0.008798827619,0.0,73.020775382,1900.806556113,1986.832869434,24.279827278,29186.678117374,2078.222226231,0.0,0.0,0.0,0.0,0.0,0.0
2023-08-17,1702.08,1.005,1702.08,0.9906344977,0.009365502322,0.0,70.079320395,1896.346029379,1967.203661736,23.365547044,28909.342398584,2057.677288386,0.0,0.0,0.0,0.0,0.0,0.0
2023-08-18,1661.74,1.001,1661.74,0.9904471307,0.009552869319,0.0,69.572468753,1892.875419997,1851.386741949,25.067248623,26651.929680161,1921.089172429,0.0,0.0,0.0,0.0,0.0,0.0
2023-08-19,1668.97,0.999929,1668.97,0.990504321,0.009495679038,0.0,69.678469967,1881.250983822,1840.19700209,22.291094919,26263.626803256,1921.366997738,0.0,0.0,0.0,0.0,0.0,0.0
2023-08-20,1681.68,1.0,1681.68,0.9905747493,0.009425250738,0.0,68.034284599,1877.508916988,1842.007170076,22.111401659,26293.966370273,1919.486223553,0.0,0.0,0.0,0.0,0.0,0.0
2023-08-21,1666.23,1.0,1666.23,0.9904881856,0.009511814425,0.0,68.427727121,1882.184472166,1836.012805514,21.83633385,26282.736051603,1915.110702249,0.0,0.0,0.0,0.0,0.0,0.0
2023-08-22,1632.05,1.003,1632.05,0.9902620703,0.009737929732,0.0,65.071283425,1892.984285122,1819.070864253,21.211942801,26185.959343223,1896.701275116,0.0,0.0,0.0,0.0,0.0,0.0
2023-08-23,1678.57,0.999312,1678.57,0.9905638865,0.009436113471,0.0,65.309758857,1912.721170223,1837.154659779,21.554895504,26647.398778269,1916.390603373,0.0,0.0,0.0,0.0,0.0,0.0
2023-08-24,1653.6,1.0,1653.6,0.9904230169,0.009576983149,0.0,65.130171108,1912.914416361,1826.512735284,21.922216893,26541.152448985,1911.667984461,0.0,0.0,0.0,0.0,0.0,0.0
2023-08-25,1652.35,0.999886,1652.35,0.9904169234,0.00958307656,0.0,64.47042328,1908.002268623,1801.197251575,20.863174202,26164.31633905,1886.742691648,0.0,0.0,0.0,0.0,0.0,0.0
2023-08-26,1644.24,0.999894,1644.24,0.9903775622,0.009622437842,0.0,65.337290154,1903.57488977,1795.853235661,20.508304061,26078.022700305,1880.834121359,0.0,0.0,0.0,0.0,0.0,0.0
2023-08-27,1658.84,1.0,1658.84,0.990467187,0.009532812978,0.0,67.458054175,1905.517619864,1795.659108093,20.722518854,26164.421350929,1884.853137847,0.0,0.0,0.0,0.0,0.0,0.0
2023-08-28,1653.45,0.999687,1653.45,0.9904393735,0.009560626545,0.0,64.852122315,1906.836357848,1794.274587766,23.376021188,26145.343632204,1883.629112634,0.0,0.0,0.0,0.0,0.0,0.0
2023-08-29,1723.86,0.999882,1723.86,0.9908298756,0.009170124351,0.0,67.264843259,1916.709515582,1883.204310061,21.971862474,27940.630231543,1977.350629856,0.0,0.0,0.0,0.0,0.0,0.0
2023-08-30,1706.81,1.0,1706.81,0.9905509462,0.009449053807,0.0,69.150018994,1924.966188981,1876.051732001,21.89129411,27739.483221599,1967.21504529,0.0,0.0,0.0,0.0,0.0,0.0
2023-08-31,1648.71,0.998923,1648.71,0.9902316497,0.009768350346,0.0,64.602937445,1925.361175466,1857.805783511,21.008758387,27386.355987602,1951.890266805,0.0,0.0,0.0,0.0,0.0,0.0
2023-09-01,1627.05,1.001,1627.05,0.9900825218,0.009917478227,0.0,66.42388119,1927.640523049,1820.777291592,20.00767497,26100.236978873,1879.71212329,0.0,0.0,0.0,0.0,0.0,0.0
2023-09-02,1640.76,1.001,1640.76,0.990164576,0.009835423985,0.0,64.201137486,1918.953491974,1775.682560081,19.816238037,25921.654883855,1864.802788521,0.0,0.0,0.0,0.0,0.0,0.0
2023-09-03,1637.54,1.0,1637.54,0.9901551744,0.009844825614,0.0,63.915852869,1920.297924478,1780.560390227,19.688720658,26054.412858869,1869.761939945,0.0,0.0,0.0,0.0,0.0,0.0
2023-09-04,1625.97,0.999608,1625.97,0.9900896634,0.009910336589,0.0,63.418620207,1923.160303575,1776.359085911,19.752708248,26019.211165794,1866.352294779,0.0,0.0,0.0,0.0,0.0,0.0
2023-09-05,1630.22,0.999873,1630.22,0.9901126498,0.009887350205,0.0,65.303505629,1918.872549451,1775.63595146,20.479323185,25850.320143345,1865.872650861,0.0,0.0,0.0,0.0,0.0,0.0
2023-09-06,1632.14,1.0,1632.14,0.9901229241,0.009877075895,0.0,65.205226057,1911.225857294,1773.255996293,20.228889047,25922.469769329,1860.883984426,0.0,0.0,0.0,0.0,0.0,0.0
2023-09-07,1644.56,0.998777,1644.56,0.990214487,0.009785512974,0.0,64.981762688,1906.367330827,1781.635607391,19.902040327,26155.074113086,1873.013732574,0.0,0.0,0.0,0.0,0.0,0.0
2023-09-08,1637.5,1.0,1637.5,0.9901607968,0.009839203207,0.0,65.833499605,1908.581028093,1793.667138848,20.007185476,26370.365399991,1885.015172834,0.0,0.0,0.0,0.0,0.0,0.0
2023-09-09,1634.71,0.999993,1634.71,0.9901442378,0.009855762201,0.0,66.975160819,1902.02918786,1773.038445316,19.710356675,25939.479441371,1862.876082532,0.0,0.0,0.0,0.0,0.0,0.0
2023-09-10,1617.57,0.999886,1617.57,0.9900418998,0.009958100157,0.0,61.981681415,1899.251508314,1771.940285557,19.486407222,25906.985481483,1862.097931624,0.0,0.0,0.0,0.0,0.0,0.0
2023-09-11,1548.92,0.99986,1548.92,0.9896054002,0.01039459984,0.0,64.180389775,1905.084473977,1755.938461648,18.56973548,25851.374751132,1844.965412684,0.0,0.0,0.0,0.0,0.0,0.0
2023-09-12,1593.26,1.001,1593.26,0.9898803466,0.01011965339,0.0,64.212141614,1907.20233824,1743.827735257,18.707549161,26184.112906641,1831.67048431,0.0,0.0,0.0,0.0,0.0,0.0
2023-09-13,1605.5,0.99915,1605.5,0.9899750973,0.01002490266,0.0,61.759737177,1899.675911953,1747.541968868,18.615764217,26288.635130126,1836.781417478,0.0,0.0,0.0,0.0,0.0,0.0
2023-09-14,1627.98,0.999806,1627.98,0.99010573,0.009894270028,0.0,64.047789647,1899.873187535,1773.928381336,19.219737966,26745.710087545,1864.635439183,0.0,0.0,0.0,0.0,0.0,0.0
2023-09-15,1644.6,1.002,1644.6,0.9901834561,0.009816543893,0.0,62.525625375,1912.993515076,1773.752976912,19.19105446,26637.223650603,1863.673527062,0.0,0.0,0.0,0.0,0.0,0.0
2023-09-16,1634.08,0.999473,1634.08,0.990145552,0.009854448043,0.0,65.66685904,1911.766048201,1790.096056215,19.508634834,26791.750955486,1877.516071482,0.0,0.0,0.0,0.0,0.0,0.0
2023-09-17,1617.99,0.999921,1617.99,0.990044114,0.009955885969,0.0,65.371238534,1908.479790005,1776.076579888,19.287725546,26629.373741622,1864.559040853,0.0,0.0,0.0,0.0,0.0,0.0
2023-09-18,1636.96,0.999521,1636.96,0.9901622511,0.009837748878,0.0,65.711346505,1918.649371666,1810.761603771,20.076890863,27392.132345705,1900.9342708,0.0,0.0,0.0,0.0,0.0,0.0
2023-09-19,1641.89,0.999773,1641.89,0.9901890519,0.009810948087,0.0,66.802757538,1924.750923217,1795.289074089,20.370116556,27285.019826477,1884.308728136,0.0,0.0,0.0,0.0,0.0,0.0
2023-09-20,1621.88,1.0,1621.88,0.9900669787,0.009933021347,0.0,67.106417503,1933.632570214,1786.825314751,20.456122715,27314.327445697,1877.603812228,0.0,0.0,0.0,0.0,0.0,0.0
2023-09-21,1584.91,0.999664,1584.91,0.9898470549,0.01015294511,0.0,68.739324852,1923.322926049,1763.00737758,20.22258674,27093.246378134,1849.383506008,0.0,0.0,0.0,0.0,0.0,0.0
2023-09-22,1594.24,1.001,1594.24,0.9898925195,0.01010748055,0.0,64.220956788,1916.89115928,1736.700297735,19.887893134,26658.30485731,1820.985424509,0.0,0.0,0.0,0.0,0.0,0.0
2023-09-23,1593.35,0.999943,1593.35,0.9898975017,0.01010249825,0.0,68.357704893,1916.291322001,1734.04369462,19.813902859,26622.473889556,1821.903391332,0.0,0.0,0.0,0.0,0.0,0.0
2023-09-24,1584.7,0.999072,1584.7,0.9898516754,0.01014832456,0.0,67.61863606,1915.461107813,1734.263359525,19.769045673,26626.62985967,1820.496387377,0.0,0.0,0.0,0.0,0.0,0.0
2023-09-25,1585.56,0.999945,1585.56,0.989848351,0.01015164897,0.0,64.02749338,1916.434895743,1728.927308519,19.826640111,26471.912535249,1816.698062594,0.0,0.0,0.0,0.0,0.0,0.0
2023-09-26,1589.0,1.0,1589.0,0.989869554,0.01013044599,0.0,63.279427906,1908.311979733,1728.621485047,19.289276322,26306.507077582,1819.002508814,0.0,0.0,0.0,0.0,0.0,0.0
2023-09-27,1593.92,0.99984,1593.92,0.9899021077,0.01009789225,0.0,65.690685392,1899.484208799,1770.377954899,19.236796854,26782.292147861,1859.124287013,0.0,0.0,0.0,0.0,0.0,0.0
2023-09-28,1651.76,0.999916,1651.76,0.9902515271,0.009748472923,0.0,72.729255539,1881.491108501,1800.825181988,19.673246582,27155.987431954,1892.208974067,0.0,0.0,0.0,0.0,0.0,0.0
2023-09-29,1666.88,1.001,1666.88,0.9903287276,0.009671272384,0.0,71.461716823,1881.124400199,1826.116522712,20.591675364,27164.032533571,1919.528021558,0.0,0.0,0.0,0.0,0.0,0.0
2023-09-30,1672.08,0.999848,1672.08,0.9903695033,0.009630496651,0.0,73.468429633,1869.314456452,1828.682049544,21.57307863,27035.953701101,1919.242417013,0.0,0.0,0.0,0.0,0.0,0.0
2023-10-01,1723.94,1.001,1723.94,0.9906458389,0.00935416113,0.0,72.828677691,1872.051346646,1832.53013427,23.165176697,27248.162061868,1925.17019959,0.0,0.0,0.0,0.0,0.0,0.0
2023-10-02,1653.37,0.999785,1653.37,0.9902621909,0.009737809115,0.0,72.289073261,1866.872926309,1886.15921148,24.497816129,28357.733246103,1981.479171945,0.0,0.0,0.0,0.0,0.0,0.0
2023-10-03,1656.56,1.0,1656.56,0.9902786907,0.009721309258,0.0,69.537455,1842.083244862,1815.302062287,24.495681551,27703.832589386,1907.914731264,0.0,0.0,0.0,0.0,0.0,0.0
2023-10-04,1648.82,0.999581,1648.82,0.9902433591,0.009756640922,0.0,66.235662816,1833.572540453,1799.656135063,23.737776458,27685.4496108,1886.859376879,0.0,0.0,0.0,0.0,0.0,0.0
2023-10-05,1616.11,0.999872,1616.11,0.9900449819,0.009955018089,0.0,70.068038944,1839.406729773,1793.472454693,23.456025741,27959.750596642,1883.622786068,0.0,0.0,0.0,0.0,0.0,0.0
2023-10-06,1643.18,0.999941,1643.18,0.9902067073,0.009793292745,0.0,69.489167899,1843.612730166,1801.629810632,23.652238186,28110.588071358,1888.278121317,0.0,0.0,0.0,0.0,0.0,0.0
2023-10-07,1634.21,1.0,1634.21,0.9901587581,0.009841241857,0.0,69.043076335,1856.290654118,1788.702162052,23.91729896,28030.108000585,1880.038634449,0.0,0.0,0.0,0.0,0.0,0.0
2023-10-08,1630.31,0.999496,1630.31,0.990140371,0.009859628962,0.0,70.177151407,1867.974135158,1778.054053899,23.594315445,28088.270234262,1869.111853901,0.0,0.0,0.0,0.0,0.0,0.0
2023-10-09,1579.32,0.999564,1579.32,0.9898245963,0.01017540369,0.0,64.845667132,1869.197185752,1772.553503575,23.372338196,28007.09288425,1863.58221312,0.0,0.0,0.0,0.0,0.0,0.0
2023-10-10,1566.22,0.999713,1566.22,0.9897388479,0.01026115213,0.0,65.273418795,1871.96109619,1727.351816226,22.336893066,27643.32832546,1815.830736493,0.0,0.0,0.0,0.0,0.0,0.0
2023-10-11,1558.96,1.001,1558.96,0.989678421,0.01032157902,0.0,67.678439848,1877.398994588,1710.31931824,22.400411092,27453.703554862,1798.929020221,0.0,0.0,0.0,0.0,0.0,0.0
2023-10-12,1534.48,1.0,1534.48,0.9895258486,0.01047415139,0.0,66.895572789,1880.590542069,1702.307248165,21.944619925,26910.07225669,1789.324626856,0.0,0.0,0.0,0.0,0.0,0.0
2023-10-13,1548.88,1.001,1548.88,0.9896119467,0.01038805333,0.0,65.34562894,1918.421281816,1697.648253347,22.021384247,26978.589686026,1783.878236638,0.0,0.0,0.0,0.0,0.0,0.0
2023-10-14,1555.89,1.0,1555.89,0.9896684903,0.01033150973,0.0,63.837518626,1918.534319896,1692.057604234,22.144413007,26953.700657777,1777.924703656,0.0,0.0,0.0,0.0,0.0,0.0
2023-10-15,1552.8,1.0,1552.8,0.9896481439,0.01035185613,0.0,67.788847698,1932.601281065,1701.383224889,22.112557316,27195.706238456,1782.800367863,0.0,0.0,0.0,0.0,0.0,0.0
2023-10-16,1591.98,0.998469,1591.98,0.9899156456,0.01008435445,0.0,66.859816523,1918.393931411,1728.727334208,24.06285666,28445.519328999,1816.723487637,0.0,0.0,0.0,0.0,0.0,0.0
2023-10-17,1563.24,0.999984,1563.24,0.989723444,0.01027655601,0.0,65.125603234,1919.603474023,1742.782388766,24.384037528,28609.688438353,1830.039276253,0.0,0.0,0.0,0.0,0.0,0.0
2023-10-18,1560.46,1.0,1560.46,0.9897112682,0.01028873175,0.0,66.581219139,1945.059872331,1717.85738168,24.242386456,28758.746637279,1805.328154736,0.0,0.0,0.0,0.0,0.0,0.0
2023-10-19,1562.93,0.99974,1562.93,0.9897300046,0.01026999538,0.0,65.389955985,1961.830348124,1704.837255057,25.309638086,28859.888779837,1793.800212273,0.0,0.0,0.0,0.0,0.0,0.0
2023-10-20,1606.07,1.0,1606.07,0.990006461,0.009993538999,0.0,63.336824805,1976.853119911,1761.580511674,27.232505212,29940.110425369,1851.837149978,0.0,0.0,0.0,0.0,0.0,0.0
2023-10-21,1628.15,1.0,1628.15,0.9901406512,0.009859348781,0.0,65.886763233,1969.594242598,1778.611795904,30.137037768,30252.587706626,1870.213808157,0.0,0.0,0.0,0.0,0.0,0.0
2023-10-22,1660.86,0.999805,1660.86,0.9903348171,0.009665182947,0.0,69.843566531,1968.942519212,1787.088899249,30.05150122,30142.472714072,1877.732511616,0.0,0.0,0.0,0.0,0.0,0.0
2023-10-23,1768.92,0.998754,1768.92,0.9909293423,0.009070657747,0.0,72.192804729,1970.252079168,1866.762514111,31.091505218,31609.389919543,1963.206691403,0.0,0.0,0.0,0.0,0.0,0.0
2023-10-24,1785.27,1.0,1785.27,0.9910005547,0.008999445331,0.0,73.945035327,1968.593018977,2008.183705479,32.830684683,34516.710239408,2109.087916253,0.0,0.0,0.0,0.0,0.0,0.0
2023-10-25,1784.67,1.0,1784.67,0.9909975563,0.009002443677,0.0,74.883564394,1968.044368284,1965.657149154,33.652111428,34976.417791155,2067.474028115,0.0,0.0,0.0,0.0,0.0,0.0
2023-10-26,1808.57,0.99996,1808.57,0.9907535185,0.009246481485,0.0,74.907910124,1969.076024118,2009.536320933,33.257633596,34853.100009699,2111.945785875,0.0,0.0,0.0,0.0,0.0,0.0
2023-10-27,1778.96,1.0,1778.96,0.990600689,0.009399310976,0.0,70.698027533,1990.762789938,1961.028688144,33.143588265,34239.913785188,2063.594267116,0.0,0.0,0.0,0.0,0.0,0.0
2023-10-28,1774.57,0.999921,1774.57,0.9905783931,0.009421606912,0.0,71.336800922,1991.426783261,1951.888193214,32.511150501,34243.599216098,2050.962569924,0.0,0.0,0.0,0.0,0.0,0.0
2023-10-29,1801.56,0.999524,1801.56,0.9907218834,0.009278116634,0.0,71.552100451,1990.480875577,1968.289754527,33.06352322,34664.554095393,2062.537246695,0.0,0.0,0.0,0.0,0.0,0.0
2023-10-30,1810.2,1.0,1810.2,0.9907614015,0.009238598511,0.0,71.906300182,1988.322179503,1985.449318483,35.506111674,34714.149604418,2085.230980498,0.0,0.0,0.0,0.0,0.0,0.0
2023-10-31,1808.89,0.999789,1808.89,0.9907567055,0.009243294546,0.0,71.471342178,1985.09495594,1974.330333343,37.525627878,34564.619955407,2074.183435465,0.0,0.0,0.0,0.0,0.0,0.0
2023-11-01,1843.41,1.001,1843.41,0.9909173382,0.009082661766,0.0,75.343622892,1968.565783752,2010.607192755,45.089572245,35196.488802028,2117.929522407,0.0,0.0,0.0,0.0,0.0,0.0
2023-11-02,1799.07,1.001,1799.07,0.9906955692,0.009304430844,0.0,76.734528449,1965.988515169,2028.032505787,44.27630776,35775.046986711,2128.365354483,0.0,0.0,0.0,0.0,0.0,0.0
2023-11-03,1830.21,1.0,1830.21,0.9908614856,0.009138514384,0.0,73.989720286,1976.528964377,2010.932348646,40.168531451,34908.308713816,2095.604822547,0.0,0.0,0.0,0.0,0.0,0.0
2023-11-04,1860.28,0.999877,1860.28,0.9910089705,0.008991029508,0.0,74.195185348,1972.604984904,2025.606565658,42.568853957,34883.634674317,2111.301608998,0.0,0.0,0.0,0.0,0.0,0.0
2023-11-05,1901.15,0.998748,1901.15,0.9912104029,0.008789597054,0.0,76.167289984,1974.909112061,2090.351982754,42.780899071,35293.252693247,2182.386038412,0.0,0.0,0.0,0.0,0.0,0.0
2023-11-06,1896.1,0.9998,1896.1,0.9911779986,0.00882200142,0.0,78.741139111,1969.93165589,2093.860834384,41.666380739,35273.483031781,2183.333984616,0.0,0.0,0.0,0.0,0.0,0.0
2023-11-07,1883.97,1.0,1883.97,0.9911199419,0.008880058103,0.0,79.679587482,1956.729948253,2083.645961,44.054027114,35797.422849388,2176.646632061,0.0,0.0,0.0,0.0,0.0,0.0
2023-11-08,1891.09,1.001,1891.09,0.9911443112,0.008855688826,0.0,79.384781751,1949.993466383,2077.760324093,43.558264538,35661.11077084,2175.034802849,0.0,0.0,0.0,0.0,0.0,0.0
2023-11-09,2086.33,0.999499,2086.33,0.991978324,0.008021676047,0.0,85.149410527,1945.873221216,2253.835352629,48.105646718,37795.082922208,2363.693716601,0.0,0.0,0.0,0.0,0.0,0.0
2023-11-10,2083.9,0.999402,2083.9,0.9919698183,0.00803018173,0.0,84.607087664,1948.241837912,2316.530679889,54.530645745,37332.670786386,2430.989378639,0.0,0.0,0.0,0.0,0.0,0.0
2023-11-11,2042.64,1.0,2042.64,0.9918040814,0.008195918568,0.0,85.317103393,1923.765698885,2278.620604553,62.441245924,37316.29155333,2386.302150689,0.0,0.0,0.0,0.0,0.0,0.0
2023-11-12,2047.78,1.001,2047.78,0.9918163767,0.00818362332,0.0,85.182147807,1921.741982778,2248.541335651,61.520143611,37215.946397748,2357.580704207,0.0,0.0,0.0,0.0,0.0,0.0
2023-11-13,2065.53,0.999809,2065.53,0.9918957072,0.008104292762,0.0,86.620694387,1929.924180939,2288.307037086,59.009243523,37233.07414757,2402.231408107,0.0,0.0,0.0,0.0,0.0,0.0
2023-11-14,1985.06,0.999492,1985.06,0.9915725967,0.008427403262,0.0,84.223082226,1946.954076497,2250.967535932,57.52573316,36683.306359414,2363.016177353,0.0,0.0,0.0,0.0,0.0,0.0
2023-11-15,2048.44,0.999639,2048.44,0.9918300242,0.008169975804,0.0,89.035526869,1963.511669893,2235.895301589,66.3110107,37516.619625695,2349.236841546,0.0,0.0,0.0,0.0,0.0,0.0
2023-11-16,1956.81,1.0,1956.81,0.9914476649,0.008552335134,0.0,90.693137588,1964.550127709,2255.413684108,67.517666544,37817.815853417,2379.188064128,0.0,0.0,0.0,0.0,0.0,0.0
2023-11-17,1952.73,0.999702,1952.73,0.9914324809,0.0085675191,0.0,86.09554402,1973.757663916,2168.437669178,59.513246691,36466.789683351,2273.836173355,0.0,0.0,0.0,0.0,0.0,0.0
2023-11-18,1960.13,1.001,1960.13,0.9914535618,0.008546438169,0.0,82.80936998,1969.908236177,2147.397567308,59.121987687,36639.656121769,2256.392053323,0.0,0.0,0.0,0.0,0.0,0.0
2023-11-19,2002.18,1.001,2002.18,0.991631553,0.008368447033,0.0,84.701811598,1963.995281257,2169.600270456,61.567253385,36966.447271565,2276.219981336,0.0,0.0,0.0,0.0,0.0,0.0
2023-11-20,2024.92,0.999313,2024.92,0.9917385847,0.008261415276,0.0,88.203288096,1963.461888573,2235.223483292,61.178924502,37605.524713863,2345.079482627,0.0,0.0,0.0,0.0,0.0,0.0
2023-11-21,1943.96,0.997372,1943.96,0.9914140473,0.008585952693,0.0,88.003946002,1987.417982673,2222.777248608,57.018434805,37600.844621337,2324.895761084,0.0,0.0,0.0,0.0,0.0,0.0
2023-11-22,2058.89,0.999778,2058.89,0.9918700331,0.008129966888,0.0,91.403730161,1985.671235522,2274.343888882,58.725549355,37589.360746157,2390.066915695,0.0,0.0,0.0,0.0,0.0,0.0
2023-11-23,2064.89,0.999767,2064.89,0.9918935535,0.008106446486,0.0,92.105981178,1985.115728358,2281.471627454,58.39109504,37660.224815396,2383.559264451,0.0,0.0,0.0,0.0,0.0,0.0
2023-11-24,2077.18,1.001,2077.18,0.9919312715,0.00806872851,0.0,92.733527262,1988.292704,2317.134705736,58.29321986,38131.944943922,2438.800028954,0.0,0.0,0.0,0.0,0.0,0.0
2023-11-25,2082.93,1.0,2082.93,0.9919613402,0.008038659762,0.0,93.198639246,1989.168223474,2276.805636398,59.527055151,37810.834543624,2392.592108984,0.0,0.0,0.0,0.0,0.0,0.0
2023-11-26,2066.24,1.0,2066.24,0.9918969343,0.008103065679,0.0,93.204008777,1986.384715573,2285.72353931,58.734767044,37828.86365285,2397.425770645,0.0,0.0,0.0,0.0,0.0,0.0
2023-11-27,2022.6,1.001,2022.6,0.9917153402,0.008284659841,0.0,92.126813802,1997.480668849,2268.968764605,58.15209507,37576.200547118,2380.355325199,0.0,0.0,0.0,0.0,0.0,0.0
2023-11-28,2050.66,0.999635,2050.66,0.991838829,0.008161170959,0.0,92.842182021,2029.36260055,2262.679957357,58.328281254,38183.159960382,2372.708445155,0.0,0.0,0.0,0.0,0.0,0.0
2023-11-29,2027.38,0.99976,2027.38,0.9917448658,0.008255134158,0.0,93.487614335,2029.386729742,2262.537413519,61.107310521,38282.420692695,2367.930044036,0.0,0.0,0.0,0.0,0.0,0.0
2023-11-30,2043.75,0.99995,2043.75,0.9918089026,0.008191097449,0.0,90.480893618,2029.15193877,2238.844908067,61.363003799,37966.753002414,2347.296197926,0.0,0.0,0.0,0.0,0.0,0.0
2023-12-01,2085.94,1.0,2085.94,0.9919728469,0.008027153133,0.0,91.17729747,2052.00419493,2302.708681188,61.455945509,38823.613908903,2410.908537968,0.0,0.0,0.0,0.0,0.0,0.0
2023-12-02,2161.25,1.0,2161.25,0.99225039,0.007749610012,0.0,93.44028249,2051.982042558,2379.120284727,62.820800241,39726.703024209,2482.826394982,0.0,0.0,0.0,0.0,0.0,0.0
2023-12-03,2192.06,0.998998,2192.06,0.9923660789,0.007633921119,0.0,93.706357724,2046.470907807,2381.490207081,65.376353376,39712.794103174,2492.180629931,0.0,0.0,0.0,0.0,0.0,0.0
2023-12-04,2229.78,0.99957,2229.78,0.9924899833,0.007510016749,0.0,93.858728333,2083.882271467,2484.483694904,66.013958832,41904.113490643,2596.249652226,0.0,0.0,0.0,0.0,0.0,0.0
2023-12-05,2285.53,1.0,2285.53,0.9926687002,0.007331299773,0.0,92.072816861,2031.332521148,2499.381941991,61.821277592,43913.227223118,2626.268463536,0.0,0.0,0.0,0.0,0.0,0.0
2023-12-06,2228.07,1.001,2228.07,0.9924735916,0.007526408423,0.0,92.264796663,2018.269545561,2510.163734125,65.486414815,44143.926418504,2629.342295645,0.0,0.0,0.0,0.0,0.0,0.0
2023-12-07,2351.65,1.0,2351.65,0.9928733612,0.007126638818,0.0,96.156488529,2025.487788476,2590.897343799,68.497365108,43939.56769854,2715.990170501,0.0,0.0,0.0,0.0,0.0,0.0
2023-12-08,2358.55,0.9999247134,2358.55,0.9928945934,0.007105406621,0.0,96.267281547,2023.16527647,2605.822743769,73.687481466,44306.069424876,2737.939490139,0.0,0.0,0.0,0.0,0.0,0.0
2023-12-09,2347.49,0.999424,2347.49,0.992864905,0.007135094987,0.0,98.328847124,2007.935258035,2606.002819232,77.576430407,44305.438895923,2747.680505084,0.0,0.0,0.0,0.0,0.0,0.0
2023-12-10,2361.0,0.998765,2361.0,0.9928570107,0.007142989325,0.0,98.778941476,1996.587601612,2600.324917969,73.632336369,43928.171948039,2716.193491905,0.0,0.0,0.0,0.0,0.0,0.0
2023-12-11,2220.51,1.0,2220.51,0.9923991942,0.007600805794,0.0,99.042853746,1990.066441784,2587.13671372,74.122042475,43749.155439627,2710.057230853,0.0,0.0,0.0,0.0,0.0,0.0
2023-12-12,2182.16,1.001,2182.16,0.9922589747,0.007741025338,0.0,91.43342175,1972.743921072,2445.442347328,71.817117771,41941.776664418,2569.069354218,0.0,0.0,0.0,0.0,0.0,0.0
2023-12-13,2254.73,0.999181,2254.73,0.9925197733,0.007480226665,0.0,92.072169932,2004.793912865,2483.20345651,71.112810615,42855.752716343,2584.207065993,0.0,0.0,0.0,0.0,0.0,0.0
2023-12-14,2316.95,0.999942,2316.95,0.992713682,0.007286318018,0.0,96.412981623,2024.179769252,2525.84322516,74.163320083,43266.191796414,2649.534834764,0.0,0.0,0.0,0.0,0.0,0.0
2023-12-15,2244.41,0.998416,2244.41,0.992491347,0.007508652968,0.0,96.093068229,2021.626068972,2533.891314754,79.104959304,43040.127476948,2665.221968606,0.0,0.0,0.0,0.0,0.0,0.0
2023-12-16,2229.46,1.0,2229.46,0.9924294761,0.007570523928,0.0,91.997900539,2007.150217,2471.00697253,77.103496641,42521.489375742,2590.393147308,0.0,0.0,0.0,0.0,0.0,0.0
2023-12-17,2210.68,0.999693,2210.68,0.9923679804,0.007632019624,0.0,90.140254319,2002.689624161,2451.292103617,74.719005615,42142.031895707,2568.49233368,0.0,0.0,0.0,0.0,0.0,0.0
2023-12-18,2223.77,0.998641,2223.77,0.9924204885,0.007579511454,0.0,89.172366988,2015.558389188,2421.635531571,74.806665132,42439.728263579,2549.7098806,0.0,0.0,0.0,0.0,0.0,0.0
2023-12-19,2189.59,0.999517,2189.59,0.9922963817,0.00770361834,0.0,87.740178464,2026.716295596,2465.095523547,76.418522313,43135.244340293,2592.462978879,0.0,0.0,0.0,0.0,0.0,0.0
2023-12-20,2183.68,1.0,2183.68,0.9922719895,0.007728010475,0.0,88.287922335,2027.760272689,2470.656160355,83.214499743,43994.549212317,2587.196840874,0.0,0.0,0.0,0.0,0.0,0.0
2023-12-21,2237.24,0.99991,2237.24,0.9924562778,0.007543722182,0.0,88.779240428,2026.339480863,2481.394449853,93.348963025,44159.317544674,2604.125299741,0.0,0.0,0.0,0.0,0.0,0.0
2023-12-22,2326.297323677,1.000204845,2326.297323677,0.992740853,0.007259147042,0.0,92.176113784,2047.795801744,2561.980910269,98.906706702,44187.570878352,2674.246634412,0.0,0.0,0.0,0.0,0.0,0.0
2023-12-23,2291.47,1.000248159,2291.47,0.9926310197,0.007368980276,0.0,93.409758251,2034.976888946,2549.419681738,103.65014248,44014.314850782,2671.120637054,0.0,0.0,0.0,0.0,0.0,0.0
2023-12-24,2266.997699667,1.000308815,2266.997699667,0.9919922659,0.008007734125,0.0,96.441904667,2031.483538083,2551.883617934,116.627434993,43890.142341505,2663.136243034,0.0,0.0,0.0,0.0,0.0,0.0
2023-12-25,2274.536739275,1.000397255,2274.536739275,0.992017896,0.007982104049,0.0,98.245846222,2031.973266808,2512.525142431,123.66188394,43661.176450086,2630.137839687,0.0,0.0,0.0,0.0,0.0,0.0
2023-12-26,2226.4,0.999826,2226.4,0.9918513407,0.008148659297,0.0,100.058923346,2036.941699655,2503.074406319,120.720679341,43669.786842948,2615.713645246,0.0,0.0,0.0,0.0,0.0,0.0
2023-12-27,2377.6,0.999324,2377.6,0.9923693905,0.007630609484,0.0,103.994171665,2053.595840108,2611.493290241,113.881712627,43434.419050762,2720.369303135,0.0,0.0,0.0,0.0,0.0,0.0
2023-12-28,2350.97,1.001,2350.97,0.9922707824,0.007729217638,0.0,108.399335386,2065.606440529,2666.740719265,108.154036266,43644.394065708,2799.086865613,0.0,0.0,0.0,0.0,0.0,0.0
2023-12-29,2283.13,1.001,2283.13,0.992042947,0.00795705304,0.0,107.602164651,2050.019992053,2609.033986965,109.292939147,43156.531271465,2728.504872667,0.0,0.0,0.0,0.0,0.0,0.0
2023-12-30,2287.06,0.999812,2287.06,0.9920658641,0.007934135906,0.0,107.249433175,2036.723541294,2540.634198119,106.112284623,42510.316256311,2659.561989263,0.0,0.0,0.0,0.0,0.0,0.0
2023-12-31,2262.89,0.999875,2262.89,0.9919812976,0.008018702354,0.0,105.356272606,2032.064436087,2537.572614046,104.651227036,42712.6775839,2659.349295454,0.0,0.0,0.0,0.0,0.0,0.0
2024-01-01,2330.26,1.003,2330.26,0.9921871677,0.007812832273,0.0,106.643217862,2033.395234367,2570.940210516,109.179040653,43637.359828585,2691.843767529,0.0,0.0,0.0,0.0,0.0,0.0
2024-01-02,2340.51,0.999378,2340.51,0.9922489901,0.007751009902,0.0,110.335437865,2046.123565227,2673.436076614,117.121195591,45790.638589029,2789.890053276,0.0,0.0,0.0,0.0,0.0,0.0
2024-01-03,2202.11,1.001,2202.11,0.9917526056,0.008247394351,0.0,109.198942197,2041.534045037,2618.242114953,109.445418424,45322.76429156,2734.853227955,0.0,0.0,0.0,0.0,0.0,0.0
2024-01-04,2278.03,1.001,2278.03,0.992025275,0.007974725041,0.0,104.053948653,2028.191331331,2507.268813618,106.588123044,44398.183438447,2623.12000714,0.0,0.0,0.0,0.0,0.0,0.0
2024-01-05,2264.43,1.0,2264.43,0.9919857136,0.008014286429,0.0,102.912955746,2034.336129169,2501.449014962,105.396068018,44448.492871625,2618.078420858,0.0,0.0,0.0,0.0,0.0,0.0
2024-01-06,2236.17,1.001,2236.17,0.9918772046,0.008122795368,0.0,103.397098506,2024.649774295,2490.68640991,99.708457703,44098.29540057,2608.413707185,0.0,0.0,0.0,0.0,0.0,0.0
2024-01-07,2219.778344623,0.9999800232,2219.778344623,0.991825983,0.008174017018,0.0,101.960089481,2019.811654193,2472.905941548,95.894545845,44418.526195983,2592.174009761,0.0,0.0,0.0,0.0,0.0,0.0
2024-01-08,2290.85,1.001,2290.85,0.992069549,0.007930450996,0.0,100.020749843,2020.799774932,2578.552661017,98.802951134,46922.266212935,2706.735886924,0.0,0.0,0.0,0.0,0.0,0.0
2024-01-09,2338.284841122,1.001,2338.284841122,0.9922291773,0.007770822686,0.0,100.58968615,2018.456547037,2560.357170432,102.881809703,47010.534730228,2693.980336964,0.0,0.0,0.0,0.0,0.0,0.0
2024-01-10,2584.99,0.996484,2584.99,0.9929971022,0.007002897763,0.0,111.071849507,2024.45027727,2771.204713451,99.651609263,46516.813112469,2910.109198099,0.0,0.0,0.0,0.0,0.0,0.0
2024-01-11,2606.84,0.998762,2606.84,0.9930396263,0.006960373669,0.0,116.210248638,2011.070830936,2914.486841939,107.121116923,48254.589950416,3064.833535976,0.0,0.0,0.0,0.0,0.0,0.0
2024-01-12,2507.11,0.999706,2507.11,0.9927579648,0.007242035209,0.0,115.496441759,2032.155684905,2968.00290592,99.628993323,46343.886216571,3090.211876515,0.0,0.0,0.0,0.0,0.0,0.0
2024-01-13,2569.41,0.998768,2569.41,0.9929389046,0.007061095396,0.0,109.26247064,2027.110069558,2840.282499132,96.488426032,43263.634916284,2969.64582742,0.0,0.0,0.0,0.0,0.0,0.0
2024-01-14,2486.35,0.999429,2486.35,0.9926999468,0.007300053188,0.0,106.901531925,2025.61548653,2825.230049334,101.882587214,43066.226300755,2965.738996935,0.0,0.0,0.0,0.0,0.0,0.0
2024-01-15,2528.48,0.999455,2528.48,0.992820523,0.007179477035,0.0,105.978982939,2041.452752038,2791.330302917,97.179834185,43027.841708108,2928.818030394,0.0,0.0,0.0,0.0,0.0,0.0
2024-01-16,2594.21,0.999612,2594.21,0.9930000659,0.006999934104,0.0,112.224256598,2038.441567987,2852.264364302,97.76758647,43446.801523838,3001.182006965,0.0,0.0,0.0,0.0,0.0,0.0
2024-01-17,2522.25,0.999912,2522.25,0.99279965,0.00720035,0.0,111.714159561,2020.310843397,2846.759028312,102.216591743,43227.346717995,2997.776660926,0.0,0.0,0.0,0.0,0.0,0.0
2024-01-18,2462.08,1.001,2462.08,0.9926170152,0.007382984813,0.0,104.223110167,2013.963887852,2779.578601925,101.528034279,42855.923593525,2923.800565209,0.0,0.0,0.0,0.0,0.0,0.0
2024-01-19,2488.735399593,1.0,2488.735399593,0.9927027564,0.00729724361,0.0,103.26073596,2019.96261094,2734.483427212,95.794990489,41780.732130562,2876.322401991,0.0,0.0,0.0,0.0,0.0,0.0
2024-01-20,2467.9,0.998703,2467.9,0.992651076,0.007348924008,0.0,102.675203637,2012.365997347,2729.762943039,93.633924664,41678.464233837,2870.708027767,0.0,0.0,0.0,0.0,0.0,0.0
2024-01-21,2474.01,0.999216,2474.01,0.9926653544,0.007334645628,0.0,103.742024815,2012.579436553,2716.338727578,93.594982196,41771.296375204,2855.761221632,0.0,0.0,0.0,0.0,0.0,0.0
2024-01-22,2314.63,0.998377,2314.63,0.9921707931,0.007829206906,0.0,101.431345103,2009.510511869,2701.19016624,92.047008304,41608.02250435,2840.197456039,0.0,0.0,0.0,0.0,0.0,0.0
2024-01-23,2233.74,1.00008686,2233.74,0.9918812406,0.008118759372,0.0,96.886547078,2009.471861079,2572.578855991,85.560423332,39996.039593284,2705.226119891,0.0,0.0,0.0,0.0,0.0,0.0
2024-01-24,2221.02,1.002,2221.02,0.9918196319,0.008180368091,0.0,96.324285207,2012.110619286,2468.223016183,87.906764357,40147.084604411,2590.331062181,0.0,0.0,0.0,0.0,0.0,0.0
2024-01-25,2210.73,0.99975,2210.73,0.9918001713,0.008199828713,0.0,95.658439732,2006.827160723,2451.8600207,89.183483658,40064.489203668,2578.238887778,0.0,0.0,0.0,0.0,0.0,0.0
2024-01-26,2259.24,0.999787,2259.24,0.9919809767,0.008019023324,0.0,98.975396838,2009.667433798,2500.648832475,93.417160193,41965.175417607,2628.234635731,0.0,0.0,0.0,0.0,0.0,0.0
2024-01-27,2265.43,1.0,2265.43,0.9920085129,0.007991487131,0.0,99.227343411,2001.479339126,2498.383028103,93.470033941,42013.374017975,2624.743402183,0.0,0.0,0.0,0.0,0.0,0.0
2024-01-28,2238.6,1.001,2238.6,0.9919108972,0.008089102813,0.0,99.341297747,2008.130732556,2518.502641422,98.820135552,42542.115918199,2649.27684542,0.0,0.0,0.0,0.0,0.0,0.0
2024-01-29,2311.21,1.0,2311.21,0.9921765576,0.007823442352,0.0,99.681250857,2013.559188394,2528.890996803,100.979840818,43046.58122157,2659.311749395,0.0,0.0,0.0,0.0,0.0,0.0
2024-01-30,2363.58,0.99862,2363.58,0.9923646661,0.007635333905,0.0,103.699559215,2017.343381476,2615.543423035,105.489464806,43579.632211821,2750.912419497,0.0,0.0,0.0,0.0,0.0,0.0
2024-01-31,2271.38,1.001,2271.38,0.9920384146,0.007961585403,0.0,102.066260885,2033.196358971,2599.652220514,104.761643542,43441.467155968,2740.406289215,0.0,0.0,0.0,0.0,0.0,0.0
2024-02-01,2296.38,1.0,2296.38,0.9921322132,0.007867786809,0.0,97.073628113,2039.53723589,2533.253253086,98.090985597,43033.203636187,2668.410126979,0.0,0.0,0.0,0.0,0.0,0.0
2024-02-02,2304.94,1.0,2304.94,0.9921612032,0.007838796759,0.0,98.648360139,2036.646067131,2540.549402327,101.904169978,43103.668614069,2672.309366977,0.0,0.0,0.0,0.0,0.0,0.0
2024-02-03,2296.89,0.999945,2296.89,0.9921343756,0.007865624362,0.0,99.278428616,2025.361914092,2552.247217385,101.016893578,43147.599319091,2685.512754593,0.0,0.0,0.0,0.0,0.0,0.0
2024-02-04,2288.49,0.999862,2288.49,0.9921063825,0.007893617467,0.0,99.283005741,2021.814882077,2534.687078732,98.462799335,43002.686118514,2662.778053517,0.0,0.0,0.0,0.0,0.0,0.0
2024-02-05,2294.61,1.001,2294.61,0.9921183802,0.00788161977,0.0,95.651123999,2018.151664709,2558.202444166,97.849267967,43262.998113366,2686.887711152,0.0,0.0,0.0,0.0,0.0,0.0
2024-02-06,2376.89,0.999812,2376.89,0.9923981031,0.007601896902,0.0,94.700672622,2021.149854246,2618.080885762,97.465540123,43189.81695608,2751.904301727,0.0,0.0,0.0,0.0,0.0,0.0
2024-02-07,2424.08,0.999809,2424.08,0.9925450095,0.007454990458,0.0,98.0508529,2030.323383555,2681.915953338,100.779826715,44166.276906325,2805.172770782,0.0,0.0,0.0,0.0,0.0,0.0
2024-02-08,2429.45,0.999314,2429.45,0.9925650207,0.007434979251,0.0,98.346788164,2027.481843867,2698.291481559,105.043573046,45359.787338211,2837.980378577,0.0,0.0,0.0,0.0,0.0,0.0
2024-02-09,2496.58,0.999822,2496.58,0.9927598396,0.007240160441,0.0,99.755125452,2018.305819543,2761.755201215,108.504661569,47496.644211854,2900.942439904,0.0,0.0,0.0,0.0,0.0,0.0
2024-02-10,2503.99,0.999319,2503.99,0.9927895325,0.007210467533,0.0,100.407514732,2007.949762828,2760.706838911,110.576401689,47880.040720281,2906.017622498,0.0,0.0,0.0,0.0,0.0,0.0
2024-02-11,2493.18,1.001,2493.18,0.9927464026,0.007253597394,0.0,104.270162047,2004.703624756,2780.452550242,110.111678777,48365.103294623,2928.603258394,0.0,0.0,0.0,0.0,0.0,0.0
2024-02-12,2648.13,0.999677,2648.13,0.9907238931,0.009276106856,0.0,108.046225008,2008.039765794,2902.435505057,110.395084703,50154.184608448,3034.783774888,0.0,0.0,0.0,0.0,0.0,0.0
2024-02-13,2632.3,1.001,2632.3,0.9906563955,0.009343604525,0.0,108.145195842,2008.271825243,2943.709293096,114.548059217,50194.692468526,3094.438562305,0.0,0.0,0.0,0.0,0.0,0.0
2024-02-14,2765.12,0.999702,2765.12,0.9911126496,0.008887350405,0.0,108.34549375,2006.112775138,3057.251705072,117.871187882,51844.305089465,3217.733340358,0.0,0.0,0.0,0.0,0.0,0.0
2024-02-15,2820.63,1.0,2820.63,0.9912834537,0.00871654634,0.0,108.456989864,1990.042062719,3133.768937202,117.786413235,52597.820806476,3300.305946673,0.0,0.0,0.0,0.0,0.0,0.0
2024-02-16,2782.76,1.0,2782.76,0.9911738964,0.008826103583,0.0,110.184868507,1991.328721463,3129.470144756,113.886488622,52454.284873145,3293.766329064,0.0,0.0,0.0,0.0,0.0,0.0
2024-02-17,2790.06,0.999793,2790.06,0.991206572,0.008793427984,0.0,111.261917162,1993.687788257,3080.569317886,110.713045381,52070.907085596,3241.582897919,0.0,0.0,0.0,0.0,0.0,0.0
2024-02-18,2872.5,1.0,2872.5,0.9914550314,0.008544968637,0.0,109.487675383,1991.744324815,3127.535549441,113.166535946,51964.628398785,3282.652245317,0.0,0.0,0.0,0.0,0.0,0.0
2024-02-19,2961.44,0.998779,2961.44,0.991719571,0.008280428998,0.0,112.632841212,1998.669035834,3255.685149701,113.642151465,52409.98244823,3423.558293506,0.0,0.0,0.0,0.0,0.0,0.0
2024-02-20,3006.8,1.0,3006.8,0.9918335792,0.008166420815,0.0,112.545948135,2011.088349945,3290.516329008,112.042220758,52801.434666333,3456.91996179,0.0,0.0,0.0,0.0,0.0,0.0
2024-02-21,2907.03,1.0,2907.03,0.9915556723,0.008444327707,0.0,108.219925905,2010.25561162,3313.437984748,108.39433812,52324.409392001,3485.32333428,0.0,0.0,0.0,0.0,0.0,0.0
2024-02-22,2982.7,0.997884,2982.7,0.9917854138,0.008214586199,0.0,106.066185676,2008.305564715,3321.910960044,106.381867175,51946.866569906,3484.771927146,0.0,0.0,0.0,0.0,0.0,0.0
2024-02-23,2940.93,1.001,2940.93,0.9916439192,0.008356080831,0.0,121.17501671,2011.291342407,3281.873932411,103.68226842,51457.544359306,3456.97205548,0.0,0.0,0.0,0.0,0.0,0.0
2024-02-24,2990.97,1.0,2990.97,0.9917907124,0.008209287574,0.0,128.95812729,2010.493388228,3290.688136744,104.568473987,51529.869885181,3465.68706624,0.0,0.0,0.0,0.0,0.0,0.0
2024-02-25,3108.71,0.998879,3108.71,0.9921079633,0.007892036725,0.0,126.355821616,2010.595895362,3413.1141604,104.457042386,51957.569458915,3595.645275347,0.0,0.0,0.0,0.0,0.0,0.0
2024-02-26,3173.75,0.99975,3173.75,0.9922617556,0.007738244383,0.0,128.95562884,2013.472873084,3513.68850952,109.390220863,54618.254483507,3676.876960131,0.0,0.0,0.0,0.0,0.0,0.0
2024-02-27,3244.06,1.001,3244.06,0.9924188049,0.007581195109,0.0,131.618664114,2013.625501063,3607.332204898,117.106895115,57120.501603487,3782.13168135,0.0,0.0,0.0,0.0,0.0,0.0
2024-02-28,3333.67,1.002,3333.67,0.9926137688,0.007386231227,0.0,132.296055954,2028.871486857,3780.684794284,115.715578769,62159.962003754,3968.47562691,0.0,0.0,0.0,0.0,0.0,0.0
2024-02-29,3363.97,1.001,3363.97,0.9926870633,0.007312936712,0.0,133.47153617,2024.894701897,3859.301700777,131.587603589,62994.275454161,4094.0508899,0.0,0.0,0.0,0.0,0.0,0.0
2024-03-01,3421.75,1.001,3421.75,0.9928096623,0.007190337671,0.0,133.654007478,2040.669550241,3792.051297576,136.370543473,62998.183245802,3964.464514708,0.0,0.0,0.0,0.0,0.0,0.0
2024-03-02,3401.68,1.001,3401.68,0.992767546,0.007232454026,0.0,137.018979438,2034.775684498,3807.794909978,131.159380657,62612.375228996,3984.176183221,0.0,0.0,0.0,0.0,0.0,0.0
2024-03-03,3481.49,1.001,3481.49,0.9929321716,0.007067828406,0.0,138.484819831,2037.036099465,3830.470166492,131.657733461,62856.770008742,4028.369464484,0.0,0.0,0.0,0.0,0.0,0.0
2024-03-04,3572.07,0.998722,3572.07,0.9931257333,0.006874266746,0.0,141.533791622,2069.820272937,3962.925956319,133.964948262,67380.069645662,4155.056706158,0.0,0.0,0.0,0.0,0.0,0.0
2024-03-05,3520.69,0.999588,3520.69,0.9930201068,0.006979893219,0.0,144.340165137,2100.898642898,4188.252063979,138.672517816,68773.858096797,4368.17789961,0.0,0.0,0.0,0.0,0.0,0.0
2024-03-06,3854.12,1.001,3854.12,0.9936111486,0.006388851447,0.0,148.722854445,2117.6519674,4270.610457651,133.814944802,67534.107921967,4493.80367435,0.0,0.0,0.0,0.0,0.0,0.0
2024-03-07,3835.71,0.999274,3835.71,0.993591679,0.006408321002,0.0,149.064064052,2138.255174732,4330.779655034,148.823261146,68002.758735342,4526.748541347,0.0,0.0,0.0,0.0,0.0,0.0
2024-03-08,3906.49,1.001,3906.49,0.9936962569,0.006303743072,0.0,151.174259474,2164.451137715,4357.462197385,152.914192271,69089.364838834,4591.507664499,0.0,0.0,0.0,0.0,0.0,0.0
2024-03-09,3908.42,0.99951,3908.42,0.9937086697,0.006291330274,0.0,150.941880209,2143.391074303,4348.253605345,149.215617518,68653.130364797,4567.918656023,0.0,0.0,0.0,0.0,0.0,0.0
2024-03-10,3849.87,0.999777,3849.87,0.9936119052,0.006388094802,0.0,154.180336749,2138.424547179,4362.5827599,148.546736332,69781.873985315,4580.32168671,0.0,0.0,0.0,0.0,0.0,0.0
2024-03-11,4068.2,0.998469,4068.2,0.9939605288,0.006039471247,0.0,154.468161592,2169.516258009,4467.919026901,150.944646611,72388.221874554,4711.805154534,0.0,0.0,0.0,0.0,0.0,0.0
2024-03-12,3957.22,1.001,3957.22,0.9937765655,0.006223434496,0.0,155.655122714,2159.117586604,4482.072613505,153.43973231,72470.624287411,4711.55311134,0.0,0.0,0.0,0.0,0.0,0.0
2024-03-13,4003.25,0.999609,4003.25,0.9938561801,0.006143819915,0.0,160.547279764,2161.552312691,4468.586131282,165.640233291,73285.409731171,4704.8967626,0.0,0.0,0.0,0.0,0.0,0.0
2024-03-14,3876.87,0.999437,3876.87,0.9936582558,0.006341744188,0.0,155.534696614,2161.751772641,4398.018913513,179.562220686,73438.397853,4637.421705127,0.0,0.0,0.0,0.0,0.0,0.0
2024-03-15,3715.9,0.99977,3715.9,0.9933831641,0.00661683595,0.0,148.996403632,2151.817406659,4286.424017381,186.807753489,71704.457484047,4521.477654986,0.0,0.0,0.0,0.0,0.0,0.0
2024-03-16,3523.56,1.003,3523.56,0.993002113,0.006997886976,0.0,141.778533423,2139.314735787,4264.759334145,199.403645055,69379.2789028,4341.721975231,0.0,0.0,0.0,0.0,0.0,0.0
2024-03-17,3634.97,0.999387,3634.97,0.9932394147,0.006760585344,0.0,140.060887643,2132.681312263,4264.759334145,199.263368905,68223.62651972,4223.882724775,0.0,0.0,0.0,0.0,0.0,0.0
2024-03-18,3536.26,1.002,3536.26,0.9930339734,0.006966026608,0.0,139.589956951,2141.46725592,4264.759334145,209.82897086,68480.872842045,4233.564874871,0.0,0.0,0.0,0.0,0.0,0.0
2024-03-19,3157.79,0.995467,3157.79,0.9922560088,0.007743991176,0.0,132.04817023,2153.676196686,4264.759334145,200.487447254,67448.045260858,4092.029420832,0.0,0.0,0.0,0.0,0.0,0.0
2024-03-20,3515.69,0.998918,3515.69,0.9930149017,0.006985098272,0.0,136.201170761,2176.127993324,4264.759334145,189.356041698,67753.416788584,4066.559698129,0.0,0.0,0.0,0.0,0.0,0.0
2024-03-21,3487.21,0.999961,3487.21,0.9929509556,0.007049044435,0.0,140.230377851,2197.027974952,4264.759334145,192.940587482,67883.01382429,4126.838237448,0.0,0.0,0.0,0.0,0.0,0.0
2024-03-22,3308.34,1.001,3308.34,0.9925650099,0.007434990061,0.0,140.002776603,2173.097684826,4264.759334145,182.31898855,66408.942623055,4086.152891851,0.0,0.0,0.0,0.0,0.0,0.0
2024-03-23,3370.81,1.0,3370.81,0.9927090321,0.007290967948,0.0,138.959937223,2157.097830613,4264.759334145,178.230187691,65622.417086295,3967.665742086,0.0,0.0,0.0,0.0,0.0,0.0
2024-03-24,3457.0,0.999306,3457.0,0.9928944177,0.007105582297,0.0,138.892709774,2162.091926548,4264.759334145,181.227517084,66451.831663253,3976.732407712,0.0,0.0,0.0,0.0,0.0,0.0
2024-03-25,3609.16,0.999466,3609.16,0.9931908627,0.006809137342,0.0,150.892029529,2178.383580638,4264.759334145,194.016671859,70886.305194022,4220.49385288,0.0,0.0,0.0,0.0,0.0,0.0
2024-03-26,3595.45,0.999443,3595.45,0.9931652321,0.006834767947,0.0,152.058005825,2177.222004552,4264.759334145,196.471625501,71038.941747604,4240.499456958,0.0,0.0,0.0,0.0,0.0,0.0
2024-03-27,3503.92,0.998844,3503.92,0.9929921181,0.007007881893,0.0,148.414814325,2176.267774903,4264.759334145,192.260972198,70447.142317872,4197.382910286,0.0,0.0,0.0,0.0,0.0,0.0
2024-03-28,3572.68,1.001,3572.68,0.9931113299,0.006888670066,0.0,146.0118305,2206.516878398,4264.759334145,188.691659367,71335.031845492,4163.190332643,0.0,0.0,0.0,0.0,0.0,0.0
2024-03-29,3519.18,1.001,3519.18,0.9930073379,0.006992662117,0.0,149.943275738,2216.96261468,4264.759334145,189.796006183,70910.544098712,4138.257958925,0.0,0.0,0.0,0.0,0.0,0.0
2024-03-30,3506.56,0.999192,3506.56,0.9929949346,0.007005065432,0.0,148.40742827,2218.364017805,4264.759334145,199.360778514,70307.797609974,4109.251136465,0.0,0.0,0.0,0.0,0.0,0.0
2024-03-31,3641.1,1.001,3641.1,0.9932399,0.006760099959,0.0,155.603915866,2216.02579929,4264.759334145,200.245672289,71071.422893128,4222.893044638,0.0,0.0,0.0,0.0,0.0,0.0
2024-04-01,3508.17,0.999947,3508.17,0.9929928733,0.007007126733,0.0,156.741414839,2244.632291476,4007.124152375,203.681347226,71195.075750358,4214.299964257,0.0,0.0,0.0,0.0,0.0,0.0
2024-04-02,3289.01,0.998435,3289.01,0.9925406601,0.007459339935,0.0,147.241905941,2263.076888042,3886.06,193.488172501,69646.949140395,4052.387340092,0.0,0.0,0.0,0.0,0.0,0.0
2024-04-03,3317.81,0.999635,3317.81,0.9925961093,0.007403890714,0.0,137.54075447,2302.782161895,3695.666122317,191.944680338,66613.325511004,3884.143206516,0.0,0.0,0.0,0.0,0.0,0.0
2024-04-04,3325.29,0.999796,3325.29,0.9926114598,0.007388540237,0.0,140.340193475,2305.194334675,3743.040701382,189.460491833,68854.705628297,3935.056849926,0.0,0.0,0.0,0.0,0.0,0.0
2024-04-05,3324.77,1.0,3324.77,0.9926088161,0.007391183938,0.0,136.340243452,2317.538766765,3671.648235732,184.839780851,68470.612328313,3861.860429092,0.0,0.0,0.0,0.0,0.0,0.0
2024-04-06,3383.24,0.998663,3383.24,0.9927452664,0.007254733564,0.0,141.026252443,2319.306676697,3706.21108978,178.533163017,68512.382938439,3897.304639947,0.0,0.0,0.0,0.0,0.0,0.0
2024-04-07,3431.04,1.001,3431.04,0.9928289915,0.007171008481,0.0,140.226717493,2315.833871824,3762.488656447,182.282464942,69936.27025118,3949.241683986,0.0,0.0,0.0,0.0,0.0,0.0
2024-04-08,3710.33,0.999667,3710.33,0.9933739748,0.006626025229,0.0,146.23124766,2325.472551558,4075.112276473,184.209469627,72448.431618591,4283.016732281,0.0,0.0,0.0,0.0,0.0,0.0
2024-04-09,3498.3,0.999624,3498.3,0.9929754963,0.007024503697,0.0,146.517756904,2347.178140943,4085.594732212,181.102150669,71749.622289893,4300.306561982,0.0,0.0,0.0,0.0,0.0,0.0
2024-04-10,3537.7,1.0,3537.7,0.9930505912,0.006949408835,0.0,137.41858695,2337.657677014,3905.677050129,173.866463709,70270.859711093,4107.683449825,0.0,0.0,0.0,0.0,0.0,0.0
2024-04-11,3499.94,0.999269,3499.94,0.9929812407,0.007018759294,0.0,129.465415504,2366.481602046,3944.067998093,175.908780736,71110.695283284,4186.763469394,0.0,0.0,0.0,0.0,0.0,0.0
2024-04-12,3218.62,1.0,3218.62,0.9923669157,0.007633084335,0.0,124.666320625,2412.521525815,3909.203195832,175.034120961,71065.601027472,4115.158595968,0.0,0.0,0.0,0.0,0.0,0.0
2024-04-13,3044.59,0.999332,3044.59,0.9919394693,0.008060530735,0.0,105.793556156,2667.16750329,3623.742871292,153.721950451,67796.122525714,3809.289657179,0.0,0.0,0.0,0.0,0.0,0.0
2024-04-14,3162.11,1.002,3162.11,0.9922161487,0.007783851258,0.0,98.946131501,2502.365974169,3412.787244874,144.292608685,64916.297264274,3580.051435685,0.0,0.0,0.0,0.0,0.0,0.0
2024-04-15,3109.36,1.0,3109.36,0.9921008149,0.007899185059,0.0,106.542899388,2448.820506871,3596.835652053,155.914893766,66730.785922863,3781.57768539,0.0,0.0,0.0,0.0,0.0,0.0
2024-04-16,3092.99,1.0,3092.99,0.9920680488,0.007931951234,0.0,102.177364035,2452.737407311,3442.070153453,139.294768495,63917.327462374,3623.454509826,0.0,0.0,0.0,0.0,0.0,0.0
2024-04-17,2990.66,0.999842,2990.66,0.9918001559,0.00819984409,0.0,103.16133952,2424.192288522,3423.971629201,141.567458539,64264.720700714,3619.087654381,0.0,0.0,0.0,0.0,0.0,0.0
2024-04-18,3072.94,0.999837,3072.94,0.9920179992,0.007982000753,0.0,103.318349655,2410.321326224,3394.808450918,140.85898932,63928.462230816,3578.634616861,0.0,0.0,0.0,0.0,0.0,0.0
2024-04-19,3050.67,0.99867,3050.67,0.9919695074,0.008030492553,0.0,104.845195944,2452.292060674,3432.259419393,146.868059786,64972.697272896,3611.482212497,0.0,0.0,0.0,0.0,0.0,0.0
2024-04-20,3157.27,1.001,3157.27,0.9922205719,0.007779428082,0.0,109.511089137,2401.303022779,3484.473590999,150.830878208,65397.46846737,3675.824242724,0.0,0.0,0.0,0.0,0.0,0.0
2024-04-21,3146.88,0.999608,3146.88,0.9922058562,0.007794143826,0.0,109.306347113,2389.092119494,3518.900303237,151.929769902,65422.430880874,3702.913485738,0.0,0.0,0.0,0.0,0.0,0.0
2024-04-22,3214.25,0.999276,3214.25,0.9923704885,0.007629511528,0.0,110.303344671,2378.981590003,3564.864448502,155.682228661,66697.87664295,3752.153137285,0.0,0.0,0.0,0.0,0.0,0.0
2024-04-23,3215.17,1.001,3215.17,0.9923595964,0.007640403574,0.0,110.964471767,2330.916731072,3592.207706405,159.660441905,67073.486379824,3779.058427034,0.0,0.0,0.0,0.0,0.0,0.0
2024-04-24,3124.57,0.999673,3124.57,0.992150135,0.007849865007,0.0,111.565632828,2318.137745069,3626.988844209,159.486629166,67019.666541548,3817.660714204,0.0,0.0,0.0,0.0,0.0,0.0
2024-04-25,3158.17,1.0,3158.17,0.9922304807,0.007769519286,0.0,102.889725493,2335.521635342,3510.753512593,149.533145236,64872.296097209,3685.365371897,0.0,0.0,0.0,0.0,0.0,0.0
2024-04-26,3128.96,0.999997,3128.96,0.9921585415,0.007841458532,0.0,103.344339194,2343.776369227,3495.95361284,146.287045728,64675.702105434,3670.026623595,0.0,0.0,0.0,0.0,0.0,0.0
2024-04-27,3251.54,1.0,3251.54,0.9924519033,0.007548096722,0.0,106.358620373,2366.901716561,3600.556210457,142.723528188,63869.998233969,3785.240304702,0.0,0.0,0.0,0.0,0.0,0.0
2024-04-28,3271.24,1.0,3271.24,0.9925038159,0.007496184052,0.0,109.311726157,2369.696239782,3694.963349734,144.894135881,64027.138096298,3888.362043305,0.0,0.0,0.0,0.0,0.0,0.0
2024-04-29,3226.48,1.0,3226.48,0.9924006139,0.007599386112,0.0,105.68357478,2353.964089441,3638.902871053,139.599144011,63328.982382511,3837.108702009,0.0,0.0,0.0,0.0,0.0,0.0
2024-04-30,3004.95,1.001,3004.95,0.9918368546,0.008163145419,0.0,102.662334019,2349.103827036,3579.99378331,139.457085386,64326.642418967,3766.27172459,0.0,0.0,0.0,0.0,0.0,0.0
2024-05-01,2963.04,1.0,2963.04,0.9917305497,0.008269450298,0.0,96.107230811,2313.271782642,3327.630340183,134.667853167,60586.712543475,3512.186205124,0.0,0.0,0.0,0.0,0.0,0.0
2024-05-02,2992.35,1.0,2992.35,0.9918108855,0.008189114532,0.0,98.924166503,2311.031471398,3313.164280645,139.929753893,59405.208526125,3506.988859002,0.0,0.0,0.0,0.0,0.0,0.0
2024-05-03,3113.0,1.001,3113.0,0.9921250902,0.00787490985,0.0,103.971797998,2298.700846057,3445.21147461,143.745794511,62868.728528269,3628.222067239,0.0,0.0,0.0,0.0,0.0,0.0
2024-05-04,3116.75,1.0,3116.75,0.9921422864,0.00785771356,0.0,107.276200991,2292.336509157,3488.880430335,148.49260394,64294.613991427,3663.588294977,0.0,0.0,0.0,0.0,0.0,0.0
2024-05-05,3138.46,1.001,3138.46,0.9921955366,0.0078044634,0.0,108.865516665,2288.783501664,3493.970080477,147.549042807,64349.441340966,3677.846234346,0.0,0.0,0.0,0.0,0.0,0.0
2024-05-06,3072.82,1.0,3072.82,0.9920476309,0.007952369059,0.0,108.745961808,2311.045434168,3542.357540214,155.788196735,65168.680767277,3730.136257364,0.0,0.0,0.0,0.0,0.0,0.0
2024-05-07,3014.26,0.999986,3014.26,0.9919018101,0.008098189857,0.0,104.272480625,2306.399072453,3449.327986682,158.567990409,64190.598354157,3637.752397138,0.0,0.0,0.0,0.0,0.0,0.0
2024-05-08,2962.51,0.998785,2962.51,0.9917787408,0.008221259201,0.0,99.925616467,2303.936400621,3364.031530697,150.931582905,62795.458873718,3540.070749625,0.0,0.0,0.0,0.0,0.0,0.0
2024-05-09,3032.45,0.999665,3032.45,0.9919670493,0.008032950674,0.0,97.25135476,2339.031259003,3342.040164913,150.69628307,62644.719099272,3523.118795092,0.0,0.0,0.0,0.0,0.0,0.0
2024-05-10,2910.61,0.999738,2910.61,0.9914718927,0.008357304775,0.0001708025409,98.220946164,2357.381816494,3375.417028931,154.663218517,63270.581958779,3552.585322906,0.0,0.0,0.0,0.0,0.0,0.0
2024-05-11,2915.79,1.0,2915.79,0.9914983172,0.008331156285,0.0001705264666,96.341419583,2345.431329271,3309.78,146.651335905,61185.560690086,3411.258921853,0.0,0.0,0.0,0.0,0.0,0.0
2024-05-12,2930.86,0.999977,2930.86,0.9915526574,0.008277044149,0.0001702984142,97.804624301,2343.778462777,3309.78,147.294545202,61564.660775516,3426.778053803,0.0,0.0,0.0,0.0,0.0,0.0
2024-05-13,2946.31,0.999938,2946.31,0.9916172226,0.008212901354,0.0001698760848,97.481665079,2351.684891638,3298.731671021,149.97123225,63051.233477231,3471.846181768,0.0,0.0,0.0,0.0,0.0,0.0
2024-05-14,2881.98,0.999893,2881.98,0.9914626915,0.008367995944,0.0001693125557,92.418616943,2341.35,3265.236140617,148.850961057,62889.537479767,3436.445226458,0.0,0.0,0.0,0.0,0.0,0.0
2024-05-15,3021.48,1.0,3021.48,0.991920435,0.00791175316,0.0001678118877,96.34,2378.07,3340.98,156.32,65909.0,3516.89,0.0,0.0,0.0,0.0,0.0,0.0
