DAY,COMPOSITION_ETH,COMPOSITION_USDC,COMPOSITION_WETH,COMPOSITION_DPI,COMPOSITION_PAXG,COMPOSITION_RETH,COMPOSITION_SOL,COMPOSITION_WBTC,COMPOSITION_WSTETH
2023-03-23,0.26860031485557556,0.0,0.186064675450325,0.13241058588027954,0.0,0.0,0.0,0.2616190016269684,0.1513053923845291
2023-03-24,0.27515585794921915,0.0,0.190605827975687,0.12796833839366756,0.0,0.0,0.0,0.25567822817827807,0.15059174750314808
2023-03-25,0.27187833435713693,0.0,0.18833542347608892,0.12888497189131984,0.0,0.0,0.0,0.2589712408772564,0.15193002939819783
2023-03-26,0.27527483041002565,0.0,0.19068824251909283,0.12524952502170109,0.0,0.0,0.0,0.2585611153207621,0.15022628672841837
2023-03-27,0.2758561926723652,0.0,0.19109096349400842,0.12371186691123517,0.0,0.0,0.0,0.2584653374479775,0.15087563947441363
2023-03-28,0.2713209498000603,0.0,0.18794931232514234,0.1257824391986396,0.0,0.0,0.0,0.2623929818561718,0.15255431681998602
2023-03-29,0.2784391452868777,0.0,0.19288022513423114,0.12350194943992618,0.0,0.0,0.0,0.2539686194413925,0.1512100606975725
2023-03-30,0.3637888729572296,0.0,0.0,0.636211097240448,0.0,0.0,0.0,0.0,0.0
2023-03-31,0.3614258242535529,0.0,0.0,0.638574175746447,0.0,0.0,0.0,0.0,0.0
2023-04-01,0.3672075576975928,0.0,0.0,0.6327924423024072,0.0,0.0,0.0,0.0,0.0
2023-04-02,0.3648586620258191,0.0,0.0,0.6351413379741809,0.0,0.0,0.0,0.0,0.0
2023-04-03,0.35999327745801485,0.0,0.0,0.6400067225419851,0.0,0.0,0.0,0.0,0.0
2023-04-04,0.3639481288206351,0.0,0.0,0.6360518711793649,0.0,0.0,0.0,0.0,0.0
2023-04-05,0.36547562502846925,0.0,0.0,0.6345243749715307,0.0,0.0,0.0,0.0,0.0
2023-04-06,0.48835495114326477,0.0,0.0,0.0,0.0,0.0,0.0,0.5116450786590576,0.0
2023-04-07,0.48753678191097877,0.0,0.0,0.0,0.0,0.0,0.0,0.5124632180890213,0.0
2023-04-08,0.4876286183811445,0.0,0.0,0.0,0.0,0.0,0.0,0.5123713816188555,0.0
2023-04-09,0.4862635586461377,0.0,0.0,0.0,0.0,0.0,0.0,0.5137364413538623,0.0
2023-04-10,0.48435802513999726,0.0,0.0,0.0,0.0,0.0,0.0,0.5156419748600027,0.0
2023-04-11,0.4838482872982951,0.0,0.0,0.0,0.0,0.0,0.0,0.5161517127017049,0.0
2023-04-12,0.47275591374321346,0.0,0.0,0.0,0.0,0.0,0.0,0.5272440862567865,0.0
2023-04-13,0.0,0.3087681531906128,0.0,0.0,0.0,0.19249887764453888,0.0,0.18996478617191315,0.3087681531906128
2023-04-14,0.0,0.30078783278447146,0.0,0.0,0.0,0.1966652992042375,0.0,0.1867918978075749,0.3157549702037162
2023-04-15,0.0,0.29158146845119903,0.0,0.0,0.0,0.20080974968228305,0.0,0.1850130866732388,0.32259569519327913
2023-04-16,0.0,0.2938992322152171,0.0,0.0,0.0,0.2010621467698243,0.0,0.18256083647226956,0.3224777845426891
2023-04-17,0.0,0.29216704493055684,0.0,0.0,0.0,0.20195572174886123,0.0,0.18154763948363697,0.3243295938369448
2023-04-18,0.0,0.2925207682216584,0.0,0.0,0.0,0.20205205132534992,0.0,0.18109286958749365,0.3243343108654981
2023-04-19,0.0,0.29327783568949906,0.0,0.0,0.0,0.20160705026238648,0.0,0.18121634991590882,0.3238987641322057
2023-04-20,0.1592729389667511,0.1592729389667511,0.0,0.1258183866739273,0.12665210664272308,0.1592729389667511,0.035477153956890106,0.0749606043100357,0.1592729389667511
2023-04-21,0.16461937941182872,0.16462919732180772,0.0,0.12214719244809306,0.13090754729610068,0.15456299111463714,0.034446566344482454,0.07427767642734469,0.15440944963570563
2023-04-22,0.1595213905720677,0.16780559634992123,0.0,0.12112927167197687,0.13284990882652983,0.15560078963613821,0.03383091479047743,0.07376466580321346,0.15549746234967526
2023-04-23,0.16450942201113897,0.17045055567560694,0.0,0.11919932384396897,0.13367176524221805,0.15244150516241894,0.034239368918229,0.07316080133170504,0.15232725781471418
2023-04-24,0.16350615880500108,0.17053661876133394,0.0,0.11929890261947462,0.1331725733002156,0.15221134103780776,0.03413401426526487,0.07365799178558795,0.15348239942531408
2023-04-25,0.16173225750100564,0.17111266604611106,0.0,0.11780049070407085,0.13461077817902212,0.15235228098783699,0.03381585512191877,0.07360835050571664,0.1549673209543179
2023-04-26,0.16413821011511762,0.17119584709926766,0.0,0.11706863126938483,0.1353797699282329,0.15214517016339443,0.03345037458099551,0.07432522573136705,0.15229677111223994
2023-04-27,0.12390151619911194,0.046158503741025925,0.0,0.17505832016468048,0.17505832016468048,0.17505832016468048,0.0,0.12970665097236633,0.17505832016468048
2023-04-28,0.1274897661225274,0.046495958028281825,0.0,0.17078965907365634,0.1760315691321197,0.1741296689855134,0.0,0.1306585634428944,0.17440481521500684
2023-04-29,0.12719913563912388,0.046768688620256495,0.0,0.17145506100790886,0.17601053502591194,0.17410379461507172,0.0,0.13019328250921608,0.17426950258251114
2023-04-30,0.128213256984245,0.046797820600225276,0.0,0.1709200863564771,0.17674755007283455,0.17355475787814084,0.0,0.12991339242347213,0.17385313568460511
2023-05-01,0.1261726849640096,0.046496729714433034,0.0,0.1731723172262226,0.17595053315368833,0.17358610364113836,0.0,0.13069322362457092,0.1739284076759372
2023-05-02,0.1243549424297664,0.04729222538836098,0.0,0.17069102036159325,0.17923768403080173,0.17343886909643197,0.0,0.13112715351826876,0.17385810517477698
2023-05-03,0.12833696129899794,0.04747790947714331,0.0,0.1689910973906415,0.18121857942363406,0.17237340566002632,0.0,0.12892675007090318,0.17267529667865358
2023-05-04,0.0,0.05277328938245773,0.35062822699546814,0.0,0.18862880766391754,0.07331588864326477,0.0,0.0,0.33465376496315
2023-05-05,0.0,0.05279673113853394,0.34533881309570746,0.0,0.19019638307123418,0.07399053611327569,0.0,0.0,0.3376775365812487
2023-05-06,0.0,0.050779240204694764,0.35328054000193887,0.0,0.18298050952470962,0.0742639549821081,0.0,0.0,0.3386957552865487
2023-05-07,0.0,0.051660688162561585,0.34219058257399165,0.0,0.18369746884054367,0.0759314723532999,0.0,0.0,0.3465197880696032
2023-05-08,0.0,0.05234638828907842,0.34889680489038705,0.0,0.18616745676610125,0.07415161981823797,0.0,0.0,0.3384377302361952
2023-05-09,0.0,0.05313865880725138,0.34178556041103164,0.0,0.18995121368961687,0.0746265503542607,0.0,0.0,0.34049801673783936
2023-05-10,0.0,0.05386015409386073,0.34589526703882184,0.0,0.19323986119743353,0.0731024630853569,0.0,0.0,0.333902254584527
2023-05-11,0.0,0.0,0.1312437802553177,0.0868631973862648,0.0,0.27612894773483276,0.06498368084430695,0.19253981113433838,0.24824056029319763
2023-05-12,0.0,0.0,0.13014851949886935,0.08760962357383589,0.0,0.2761274295747698,0.06584633156341357,0.19187399358748078,0.24839410220163055
2023-05-13,0.0,0.0,0.1332928958468128,0.08680405477469946,0.0,0.27509445504105723,0.06688827589376294,0.19082775541705957,0.2470925630266079
2023-05-14,0.0,0.0,0.13295231172900226,0.08625570289257344,0.0,0.27541498934624525,0.06778145652582877,0.1900424576703118,0.24755308183603864
2023-05-15,0.0,0.0,0.1319788855223774,0.08582798290217439,0.0,0.2759057236272396,0.06784710157777225,0.19069271127651766,0.24774759509391867
2023-05-16,0.0,0.0,0.13213787996734444,0.08848172104259654,0.0,0.27429067502752935,0.06795228292839282,0.19053949791366764,0.24659794312046926
2023-05-17,0.0,0.0,0.13253960217312727,0.08878587645048196,0.0,0.2745480997848353,0.0673853840582647,0.19006752472233776,0.24667351281095298
2023-05-18,0.0,0.21364882588386536,0.0,0.118193618953228,0.27213090658187866,0.03713236004114151,0.001281605800613761,0.14363247156143188,0.21398021280765533
2023-05-19,0.0,0.2131967341979194,0.0,0.1210754129387718,0.27064031955412204,0.03698807848604336,0.0012683181723610747,0.1435449104776405,0.2132862261731419
2023-05-20,0.0,0.21470270070968614,0.0,0.11827656597439479,0.27271327040866283,0.03708937080674521,0.0012414635778795814,0.14220819060045098,0.21376843792218053
2023-05-21,0.0,0.21435366452118682,0.0,0.1184082920449506,0.2722301261489244,0.037127750945666664,0.0012369671139076475,0.14262232404087336,0.21402087518449067
2023-05-22,0.0,0.21408501756879725,0.0,0.11835570864933817,0.27189665357756804,0.037151589544871445,0.0012374552684823181,0.14309714167553902,0.21417643371540387
2023-05-23,0.0,0.21491497522894668,0.0,0.11742587881478271,0.2718946534028391,0.03723676456457976,0.001201852280430022,0.142609735576284,0.21471614013213777
2023-05-24,0.0,0.21271960653052233,0.0,0.11894072985405381,0.26863734153385427,0.03767336716283603,0.0012219761979850605,0.1434308257185365,0.21737615300221194
2023-05-25,0.0,0.0,0.0,0.0,0.6014578938484192,0.059449926018714905,0.3390921354293823,0.0,0.0
2023-05-26,0.0,0.0,0.0,0.0,0.6040497802943651,0.058790791898452224,0.3371594278071827,0.0,0.0
2023-05-27,0.0,0.0,0.0,0.0,0.6047905109764186,0.059666723982026826,0.33554276504155467,0.0,0.0
2023-05-28,0.0,0.0,0.0,0.0,0.6002030382063879,0.05950030322817821,0.34029665856543384,0.0,0.0
2023-05-29,0.0,0.0,0.0,0.0,0.5884909836503951,0.058899296326614885,0.35260972002299007,0.0,0.0
2023-05-30,0.0,0.0,0.0,0.0,0.5828576939518888,0.06035320924795681,0.35678909680015436,0.0,0.0
2023-05-31,0.0,0.0,0.0,0.0,0.577994832161006,0.059578752446150254,0.3624264153928437,0.0,0.0
2023-06-01,0.0,0.0,0.41356855630874634,0.31212130188941956,0.21938709914684296,0.05492299422621727,0.0,0.0,0.0
2023-06-02,0.0,0.0,0.4166869465267078,0.30687174218249025,0.2218841475688715,0.05455716372193051,0.0,0.0,0.0
2023-06-03,0.0,0.0,0.4199688240728732,0.30629424664922955,0.21901101764469968,0.05472591163319755,0.0,0.0,0.0
2023-06-04,0.0,0.0,0.4177211545791032,0.3108037923212531,0.2166171048600346,0.05485794823960906,0.0,0.0,0.0
2023-06-05,0.0,0.0,0.41984242484541173,0.31005073115251874,0.21531935484712778,0.05478748915494188,0.0,0.0,0.0
2023-06-06,0.0,0.0,0.409896007790227,0.31266625479433613,0.22125385565666453,0.05618388175877223,0.0,0.0,0.0
2023-06-07,0.0,0.0,0.41852812022429153,0.31013831324670627,0.21655317342852523,0.05478039310047701,0.0,0.0,0.0
2023-06-08,0.39649468660354614,0.0,0.39649468660354614,0.0,0.0,0.0,0.0,0.0,0.20701059699058533
2023-06-09,0.3986909483115464,0.0,0.3986909483115464,0.0,0.0,0.0,0.0,0.0,0.2026181033769072
2023-06-10,0.3985800242242774,0.0,0.3985800242242774,0.0,0.0,0.0,0.0,0.0,0.2028399515514452
2023-06-11,0.3952470865550426,0.0,0.3952470865550426,0.0,0.0,0.0,0.0,0.0,0.2095058268899148
2023-06-12,0.3985740430722123,0.0,0.3985740430722123,0.0,0.0,0.0,0.0,0.0,0.20285191385557538
2023-06-13,0.3986179133051881,0.0,0.3986179133051881,0.0,0.0,0.0,0.0,0.0,0.20276417338962374
2023-06-14,0.39831725388065403,0.0,0.39831725388065403,0.0,0.0,0.0,0.0,0.0,0.20336549223869185
2023-06-15,0.0,0.0,0.25,0.0,0.0,0.25,0.25,0.0,0.25
2023-06-16,0.0,0.0,0.25990110990609,0.0,0.0,0.24619660572008414,0.24769484154630486,0.0,0.24620744282752108
2023-06-17,0.0,0.0,0.25901159541056945,0.0,0.0,0.24529275297607936,0.2501030068704139,0.0,0.24559264474293718
2023-06-18,0.0,0.0,0.25683214766726925,0.0,0.0,0.2460189134750815,0.25074149037217536,0.0,0.24640744848547386
2023-06-19,0.0,0.0,0.2548291944089053,0.0,0.0,0.24380150621446484,0.25710026136044534,0.0,0.2442690380161845
2023-06-20,0.0,0.0,0.25790678352357743,0.0,0.0,0.24362494641903948,0.25457634271761476,0.0,0.24389192733976836
2023-06-21,0.0,0.0,0.25827565376241546,0.0,0.0,0.24382252578123653,0.253767190465439,0.0,0.24413462999090893
2023-06-22,0.4896462559700012,0.0,0.4896462559700012,0.0,0.0,0.0,0.0,0.020707497373223305,0.0
2023-06-23,0.4895684621425351,0.0,0.4895684621425351,0.0,0.0,0.0,0.0,0.02086307571492984,0.0
2023-06-24,0.489388798180508,0.0,0.489388798180508,0.0,0.0,0.0,0.0,0.021222403638983946,0.0
2023-06-25,0.489422656522835,0.0,0.489422656522835,0.0,0.0,0.0,0.0,0.021154686954329982,0.0
2023-06-26,0.4894951290765393,0.0,0.4894951290765393,0.0,0.0,0.0,0.0,0.021009741846921462,0.0
2023-06-27,0.48941690738631344,0.0,0.48941690738631344,0.0,0.0,0.0,0.0,0.02116618522737306,0.0
2023-06-28,0.48949300043019234,0.0,0.48949300043019234,0.0,0.0,0.0,0.0,0.021013999139615436,0.0
2023-06-29,0.0,0.0,0.0,0.0,0.3762829601764679,0.0,0.2474340796470642,0.3762829601764679,0.0
2023-06-30,0.0,0.0,0.0,0.0,0.3677374741318385,0.0,0.2623976510868705,0.3698648747812908,0.0
2023-07-01,0.0,0.0,0.0,0.0,0.35873676875586413,0.0,0.2767155907229374,0.36454764052119853,0.0
2023-07-02,0.0,0.0,0.0,0.0,0.36259537335255837,0.0,0.2745886927185181,0.36281593392892353,0.0
2023-07-03,0.0,0.0,0.0,0.0,0.3606345181873212,0.0,0.2775575492671538,0.36180793254552485,0.0
2023-07-04,0.0,0.0,0.0,0.0,0.3573780921907959,0.0,0.2772780834633259,0.3653438243458783,0.0
2023-07-05,0.0,0.0,0.0,0.0,0.3575470371015412,0.0,0.27716699387184407,0.36528596902661487,0.0
2023-07-06,0.0,0.20996637642383575,0.2334364503622055,0.021183501929044724,0.0,0.32392072677612305,0.17131324112415314,0.0,0.04017969220876694
2023-07-07,0.0,0.20935594293136336,0.22576160163920608,0.02084306361344436,0.0,0.3222520914186881,0.18180095134081203,0.0,0.03998634905648607
2023-07-08,0.0,0.21046154945323034,0.22900671473391324,0.019887498545385227,0.0,0.3133037837572101,0.18849312034013294,0.0,0.03884733317012817
2023-07-09,0.0,0.20874284514337846,0.22619822841734186,0.020039134821142977,0.0,0.3095353565428912,0.19709574837870977,0.0,0.038388686696535786
2023-07-10,0.0,0.20922698106277077,0.22713471797122095,0.020254506803742925,0.0,0.31156301544549686,0.19319242400031209,0.0,0.038628354716456405
2023-07-11,0.0,0.20845968994323646,0.22814939862972808,0.020645058730331886,0.0,0.31475621101212503,0.18894777691552828,0.0,0.03904186476905019
2023-07-12,0.0,0.20773840015358588,0.22712157060439814,0.02035376424521574,0.0,0.3110980548360417,0.19507726705120418,0.0,0.03861094310955418
2023-07-13,0.0,0.0,0.0,0.08461570739746094,0.0,0.0,0.592846155166626,0.0,0.3225381672382355
2023-07-14,0.0,0.0,0.0,0.07773610142617007,0.0,0.0,0.6212348577249845,0.0,0.3010290408488454
2023-07-15,0.0,0.0,0.0,0.07427251910045601,0.0,0.0,0.6430060841381754,0.0,0.28272139676136865
2023-07-16,0.0,0.0,0.0,0.0771424050766866,0.0,0.0,0.6428505718968917,0.0,0.28000702302642183
2023-07-17,0.0,0.0,0.0,0.07926644397608103,0.0,0.0,0.6384961814505384,0.0,0.2822373745733805
2023-07-18,0.0,0.0,0.0,0.07874030567635722,0.0,0.0,0.6383232193555599,0.0,0.28293647496808283
2023-07-19,0.0,0.0,0.0,0.07972292640163219,0.0,0.0,0.6292920822826922,0.0,0.29098499131567557
2023-07-20,0.707025408744812,0.0,0.0,0.0,0.0,0.0,0.0,0.0,0.292974591255188
2023-07-21,0.7067593928096173,0.0,0.0,0.0,0.0,0.0,0.0,0.0,0.29324060719038275
2023-07-22,0.70893968416959,0.0,0.0,0.0,0.0,0.0,0.0,0.0,0.29106031583041
2023-07-23,0.7074382882077086,0.0,0.0,0.0,0.0,0.0,0.0,0.0,0.29256171179229135
2023-07-24,0.7079973100882505,0.0,0.0,0.0,0.0,0.0,0.0,0.0,0.2920026899117495
2023-07-25,0.7052887032276446,0.0,0.0,0.0,0.0,0.0,0.0,0.0,0.2947112967723554
2023-07-26,0.708972025920398,0.0,0.0,0.0,0.0,0.0,0.0,0.0,0.291027974079602
2023-07-27,0.4289849102497101,0.0,0.0,0.4289849102497101,0.14203019440174103,0.0,0.0,0.0,0.0
2023-07-28,0.42193209802440146,0.0,0.0,0.4367894431506718,0.14127845882492676,0.0,0.0,0.0,0.0
2023-07-29,0.4211639349237729,0.0,0.0,0.44000292262621815,0.13883314245000908,0.0,0.0,0.0,0.0
2023-07-30,0.4251105960354946,0.0,0.0,0.43505639482158714,0.13983300914291827,0.0,0.0,0.0,0.0
2023-07-31,0.42210046702175635,0.0,0.0,0.4375568441914252,0.14034268878681844,0.0,0.0,0.0,0.0
2023-08-01,0.4186289587244772,0.0,0.0,0.44119065683848363,0.14018038443703926,0.0,0.0,0.0,0.0
2023-08-02,0.4220244679818796,0.0,0.0,0.43747997842888814,0.1404955535892322,0.0,0.0,0.0,0.0
2023-08-03,0.22452399134635925,0.22452399134635925,0.03992050141096115,0.22452399134635925,0.003439921885728836,0.0,0.0034772553481161594,0.09408865123987198,0.18550164997577667
2023-08-04,0.22818700458634242,0.2282398963618313,0.040571787379726686,0.2161629947807346,0.0034696232226677725,0.0,0.003393703108368528,0.09382942477378954,0.1861455657865392
2023-08-05,0.2263190181608143,0.2282308900697978,0.04023965826386345,0.2187077409024921,0.0034825319996119736,0.0,0.0034395693243638105,0.09367946065823092,0.1859011306208256
2023-08-06,0.2285332772285191,0.2290907392697783,0.04063335486486581,0.21607676587305066,0.0034989356813490634,0.0,0.0033699701719779184,0.09334955230033258,0.1854474046101266
2023-08-07,0.2273309624090882,0.22905496085218335,0.04041958256303875,0.21747348883951964,0.003493438875355984,0.0,0.0034192883075729492,0.09327404986227117,0.18553422829097005
2023-08-08,0.22639819091590793,0.22821255558242218,0.040253735227587795,0.2191239348826484,0.00348751395559404,0.0,0.0034352842933690598,0.09346402643381567,0.18562475870865483
2023-08-09,0.22750723677203258,0.2253060720603855,0.0404509242513476,0.21978546251026046,0.0034376136828874774,0.0,0.003574320822307911,0.09459941011522065,0.18533895978555776
2023-08-10,0.399599552154541,0.04768833518028259,0.399599552154541,0.005413861945271492,0.0,0.0413263775408268,0.0,0.10637231916189194,0.0
2023-08-11,0.3999163689648602,0.047911636745616985,0.3999163689648602,0.0054246827929099566,0.0,0.04136665555001889,0.0,0.10546428698173377,0.0
2023-08-12,0.4001033008445062,0.04800543616323917,0.4001033008445062,0.005374521856162263,0.0,0.04122007644008897,0.0,0.10519336385149723,0.0
2023-08-13,0.40026491231140227,0.04796589337805487,0.40026491231140227,0.00527136424639719,0.0,0.04119156940944342,0.0,0.10504134834329992,0.0
2023-08-14,0.39980318629210426,0.04813905743356997,0.39980318629210426,0.005298814068994776,0.0,0.04147499482314545,0.0,0.10548076109008134,0.0
2023-08-15,0.3998112626046341,0.04803800905614759,0.3998112626046341,0.005430166739151734,0.0,0.04129092345282628,0.0,0.10561837554260615,0.0
2023-08-16,0.3994461794337644,0.04840373440815358,0.3994461794337644,0.005441192646279478,0.0,0.041390112061445127,0.0,0.10587260201659295,0.0
2023-08-17,0.18198922276496887,0.18198922276496887,0.16092486679553986,0.10550883412361145,0.0,0.0,0.09182852506637573,0.16261495649814606,0.11514443904161453
2023-08-18,0.17660363770772794,0.1883078429827395,0.15616263667671676,0.1043573445307936,0.0,0.0,0.09107490426853797,0.16599873778441737,0.11749489604906684
2023-08-19,0.17657091037854364,0.1920758794124702,0.15613369737465513,0.10609794160554593,0.0,0.0,0.10006123167646666,0.15672260346223443,0.11233773609008393
2023-08-20,0.17948307473237524,0.19418997470178107,0.15870879305123975,0.10754421105111002,0.0,0.0,0.09005533901397438,0.15630632984701406,0.11371227760250553
2023-08-21,0.18095942485212377,0.19432134984098606,0.16001426291783147,0.10507009673630661,0.0,0.0,0.08938347099806639,0.1565816437072695,0.11366975094741608
2023-08-22,0.18001027243615464,0.19509449282221789,0.15917497021803376,0.10609817559832174,0.0,0.0,0.08862273706030485,0.1571374892860965,0.11386186257887075
2023-08-23,0.17914527976699957,0.19881791422809916,0.1584100961889674,0.10251200881622345,0.0,0.0,0.08746925969213899,0.159069639040956,0.11457580226661548
2023-08-24,0.025192733854055405,0.18471267819404602,0.0409991480410099,0.020699676126241684,0.1742577850818634,0.18471267819404602,0.0,0.18471267819404602,0.18471267819404602
2023-08-25,0.024896605697905416,0.1854254914127483,0.0405172232851085,0.02070816063747129,0.17482756186084203,0.18422455969035964,0.0,0.18455911396628827,0.18484128344927644
2023-08-26,0.025086330948342332,0.1869585586651372,0.04082598587017938,0.020670227314357838,0.17584040385922953,0.18319411712653288,0.0,0.18346386409994472,0.1839605121162762
2023-08-27,0.025017662000818595,0.18736791968514482,0.040714232681277544,0.02099385814154313,0.1758150959705806,0.18304905786738287,0.0,0.18325769214591583,0.18378448150733667
2023-08-28,0.025178258400216293,0.18693083603939514,0.04097559040417904,0.021622436263561674,0.17556536326237504,0.18258295220817575,0.0,0.183416484044872,0.18372807937722516
2023-08-29,0.025131155629290275,0.18713076748506513,0.04089893443307542,0.020815901052029576,0.17592983705260817,0.1826944879058693,0.0,0.18353622287750207,0.18386269356456006
2023-08-30,0.025306998282638295,0.18077865645544747,0.04118510420799165,0.02085337754801292,0.17080462461836166,0.18520436899488096,0.0,0.1894440123908125,0.18642285750185458
2023-08-31,0.0,0.0,0.0,0.40570321679115295,0.0,0.3320843577384949,0.0,0.26221245527267456,0.0
2023-09-01,0.0,0.0,0.0,0.39205968986013623,0.0,0.3401634904186231,0.0,0.26777681972124057,0.0
2023-09-02,0.0,0.0,0.0,0.4064861738069617,0.0,0.33617531491875197,0.0,0.25733851127428636,0.0
2023-09-03,0.0,0.0,0.0,0.4024167598048432,0.0,0.33580420368381636,0.0,0.2617790365113404,0.0
2023-09-04,0.0,0.0,0.0,0.400438377090508,0.0,0.3365668005248936,0.0,0.2629948223845985,0.0
2023-09-05,0.0,0.0,0.0,0.39902488341499087,0.0,0.3372107524366441,0.0,0.2637643641483651,0.0
2023-09-06,0.0,0.0,0.0,0.4068121702198532,0.0,0.3337327543693541,0.0,0.25945507541079266,0.0
2023-09-07,0.1559905707836151,0.19514907896518707,0.0,0.19514907896518707,0.11219800263643265,0.0,0.14636412262916565,0.19514907896518707,0.0
2023-09-08,0.15727503578648502,0.1950312345128447,0.0,0.19460084417203083,0.1119821576731745,0.0,0.14408850467971165,0.1970222231757533,0.0
2023-09-09,0.15587855557913952,0.194370625089736,0.0,0.19624344924259382,0.11159579775023504,0.0,0.14418255761665272,0.19772901472164284,0.0
2023-09-10,0.15602124523536762,0.1948792266571371,0.0,0.20017044184996408,0.11150449421579353,0.0,0.14241612548305557,0.19500846655868204,0.0
2023-09-11,0.15731233196000335,0.19855267388049785,0.0,0.18875836242651908,0.1134525703748702,0.0,0.14346736502828603,0.19845669632982346,0.0
2023-09-12,0.15166915067101225,0.19990931404840695,0.0,0.19679487303131088,0.11458154644031669,0.0,0.13765615899700231,0.199388956811951,0.0
2023-09-13,0.15471401931296327,0.19847356037501715,0.0,0.19525552558656978,0.11375538399686513,0.0,0.1375249746736071,0.20027653605497758,0.0
2023-09-14,0.0,0.26737573742866516,0.24811238050460815,0.0,0.0,0.0,0.0,0.12189186364412308,0.3626199960708618
2023-09-15,0.0,0.26457014813190727,0.24878316581639337,0.0,0.0,0.0,0.0,0.12262940195889355,0.36401728409280576
2023-09-16,0.0,0.26450660070803944,0.2507124504273743,0.0,0.0,0.0,0.0,0.12183529680341475,0.36294565206117135
2023-09-17,0.0,0.2635412548785551,0.24882710149711845,0.0,0.0,0.0,0.0,0.12240355078925107,0.3652280928350753
2023-09-18,0.0,0.2651426715927119,0.24776308199750693,0.0,0.0,0.0,0.0,0.12234613869450257,0.36474810771527855
2023-09-19,0.0,0.26152716824927214,0.24734878341381336,0.0,0.0,0.0,0.0,0.12418413179347813,0.3669399165434364
2023-09-20,0.0,0.262349716326095,0.24881128591249388,0.0,0.0,0.0,0.0,0.12405630581103932,0.36478269195037194
2023-09-21,0.5534836649894714,0.0,0.0,0.03555755317211151,0.10989788174629211,0.0,0.0,0.3010609447956085,0.0
2023-09-22,0.5489777807477962,0.0,0.0,0.03696895272958484,0.11095110944333306,0.0,0.0,0.30310215707928595,0.0
2023-09-23,0.5546695662137082,0.0,0.0,0.034692782355210186,0.11107271039054531,0.0,0.0,0.2995649410405362,0.0
2023-09-24,0.5535364400076829,0.0,0.0,0.03687263959731631,0.11087301145866739,0.0,0.0,0.29871790893633343,0.0
2023-09-25,0.5524124176644963,0.0,0.0,0.03659860271502486,0.11120363718485618,0.0,0.0,0.29978534243562266,0.0
2023-09-26,0.5545585111209066,0.0,0.0,0.034770658686929426,0.11163182977648131,0.0,0.0,0.29903900041568265,0.0
2023-09-27,0.5566215049903148,0.0,0.0,0.03441758171431838,0.11133064876765565,0.0,0.0,0.2976302645277111,0.0
2023-09-28,0.0,0.18428929150104523,0.13304607570171356,0.18428929150104523,0.0986710786819458,0.083048976957798,0.1324809193611145,0.18417440354824066,0.0
2023-09-29,0.0,0.1788211340659246,0.13377292645893102,0.19796626225609862,0.09482920132176421,0.08196446017801097,0.1314565843909295,0.18118943132834098,0.0
2023-09-30,0.0,0.17807272504911698,0.13428689098129964,0.19349221093268537,0.09431167095499204,0.08267810503178435,0.1368692827951543,0.1802891142549672,0.0
2023-10-01,0.0,0.17595957259947922,0.1332606491580599,0.19679152325973306,0.09271411909250526,0.08190601920743798,0.14185414290395296,0.17751397377883166,0.0
2023-10-02,0.0,0.17359441115595942,0.1353909901012432,0.1922342645514994,0.09149640140665534,0.08088192655677139,0.15010261565158492,0.17629939057628644,0.0
2023-10-03,0.0,0.17153952243238715,0.12846759363608046,0.18878042146702007,0.09027280411603904,0.08236346895308184,0.15704927365353505,0.1815269157418563,0.0
2023-10-04,0.0,0.17425884066959316,0.13072779831516046,0.1844337201919779,0.09046668324345604,0.08050862737796294,0.15949068720189283,0.18011364299995672,0.0
2023-10-05,0.0,0.0,0.0,0.0,0.0,0.0,0.33847641944885254,0.0,0.6615235805511475
2023-10-06,0.0,0.0,0.0,0.0,0.0,0.0,0.3361910692745077,0.0,0.6638089307254923
2023-10-07,0.0,0.0,0.0,0.0,0.0,0.0,0.33750050219976996,0.0,0.66249949780023
2023-10-08,0.0,0.0,0.0,0.0,0.0,0.0,0.3409787756900068,0.0,0.6590212243099931
2023-10-09,0.0,0.0,0.0,0.0,0.0,0.0,0.33923554416191803,0.0,0.6607644558380819
2023-10-10,0.0,0.0,0.0,0.0,0.0,0.0,0.3377823456134885,0.0,0.6622176543865115
2023-10-11,0.0,0.0,0.0,0.0,0.0,0.0,0.3334663771755966,0.0,0.6665336228244034
2023-10-12,0.0,0.01153647992759943,0.0,0.9312434196472168,0.057220131158828735,0.0,0.0,0.0,0.0
2023-10-13,0.0,0.011649444829475915,0.0,0.9304140215866048,0.05793653358391926,0.0,0.0,0.0,0.0
2023-10-14,0.0,0.011903693919271763,0.0,0.9277647275995708,0.06033157848115731,0.0,0.0,0.0,0.0
2023-10-15,0.0,0.012152102564947509,0.0,0.9261920843207583,0.061655813114294244,0.0,0.0,0.0,0.0
2023-10-16,0.0,0.011488305255425282,0.0,0.9297963979547488,0.05871529678982596,0.0,0.0,0.0,0.0
2023-10-17,0.0,0.01162405989948661,0.0,0.929313134057571,0.05906280604294233,0.0,0.0,0.0,0.0
2023-10-18,0.0,0.011928575960592065,0.0,0.9275150159301132,0.06055640810929476,0.0,0.0,0.0,0.0
2023-10-19,0.12468401342630386,0.0,0.3507707118988037,0.0896344780921936,0.0,0.43491077423095703,0.0,0.0,0.0
2023-10-20,0.12540147192276355,0.0,0.3527891216423252,0.08839737532116143,0.0,0.4334120311137499,0.0,0.0,0.0
2023-10-21,0.12573832693948972,0.0,0.3537367882338691,0.08354581759863823,0.0,0.43697906722800306,0.0,0.0,0.0
2023-10-22,0.1256847363695967,0.0,0.3535860230969773,0.08569421726171854,0.0,0.43503502327170757,0.0,0.0,0.0
2023-10-23,0.12608543404374079,0.0,0.35471329679112085,0.08933538613148759,0.0,0.42986588303365086,0.0,0.0,0.0
2023-10-24,0.12747514201264315,0.0,0.3586229307545114,0.08765494980675632,0.0,0.42624697742608897,0.0,0.0,0.0
2023-10-25,0.12383474295336246,0.0,0.3483814785063098,0.08641971687280271,0.0,0.441364061667525,0.0,0.0,0.0
2023-10-26,0.2354816496372223,0.0,0.09675153344869614,0.16836406290531158,0.0805167630314827,0.2354816496372223,0.18340438604354858,0.0,0.0
2023-10-27,0.23682279304361992,0.0,0.09730256441583723,0.16713969289028988,0.07994714069738446,0.23890992357824667,0.17987788537462168,0.0,0.0
2023-10-28,0.23778855609242613,0.0,0.09769936414976145,0.161025926562114,0.08250809440268968,0.2379900864667185,0.18298797232629033,0.0,0.0
2023-10-29,0.23814158013569925,0.0,0.09784440992119864,0.1631246031916535,0.08286263030969783,0.2378193489132731,0.18020742752847763,0.0,0.0
2023-10-30,0.23922223891322966,0.0,0.09828841646702476,0.1618970555360658,0.08195266952386607,0.23729686733781138,0.18134275222200244,0.0,0.0
2023-10-31,0.23616651183722073,0.0,0.09703292041941328,0.1598536072328485,0.08043235545336976,0.23518017714523565,0.19133442791191216,0.0,0.0
2023-11-01,0.23406990395705057,0.0,0.09617149436876521,0.15759016124239053,0.07964655219007105,0.2319548138882393,0.20056707435348328,0.0,0.0
2023-11-02,0.28610432147979736,0.0,0.013406243175268173,0.001255552633665502,0.017316458746790886,0.0,0.34095868468284607,0.0,0.34095868468284607
2023-11-03,0.28252057784243123,0.0,0.013238316530777616,0.0012938347110389322,0.01749805077670414,0.0,0.3387634794484219,0.0,0.3466857406906261
2023-11-04,0.2967888220096075,0.0,0.013906896264211575,0.0012882612596898343,0.01816588124717248,0.0,0.31736259132488853,0.0,0.3524875478944301
2023-11-05,0.29382663747144233,0.0,0.013768094564037095,0.0012582719570124285,0.01765873731577874,0.0,0.32758798863378347,0.0,0.345900270057946
2023-11-06,0.2943682093406756,0.0,0.013793471475991003,0.0012662777366580313,0.017331186972172525,0.0,0.3227361341917096,0.0,0.35050472028279334
2023-11-07,0.29627499604752094,0.0,0.013882819466762765,0.0013210565277877232,0.017445828293635467,0.0,0.3172069571648786,0.0,0.35386834249941446
2023-11-08,0.29002690697353267,0.0,0.013590047232238731,0.0013170350427599705,0.017072686750666068,0.0,0.33042514255370964,0.0,0.347568181447093
2023-11-09,0.0,0.0,0.0,0.0,0.0,0.5,0.0,0.5,0.0
2023-11-10,0.0,0.0,0.0,0.0,0.0,0.505805881042353,0.0,0.49419411895764687,0.0
2023-11-11,0.0,0.0,0.0,0.0,0.0,0.5157378118654562,0.0,0.4842621881345438,0.0
2023-11-12,0.0,0.0,0.0,0.0,0.0,0.5117254684001425,0.0,0.4882745315998574,0.0
2023-11-13,0.0,0.0,0.0,0.0,0.0,0.5090776497369504,0.0,0.4909223502630496,0.0
2023-11-14,0.0,0.0,0.0,0.0,0.0,0.5133430855479832,0.0,0.4866569144520167,0.0
2023-11-15,0.0,0.0,0.0,0.0,0.0,0.5129492462591451,0.0,0.48705075374085494,0.0
2023-11-16,0.5060319900512695,0.33896663784980774,0.04997560754418373,0.0,0.0,0.08963068574666977,0.0,0.015395076014101505,0.0
2023-11-17,0.4952033379766926,0.3473713077830592,0.04890617225757915,0.0,0.0,0.09262146505593358,0.0,0.01589771692673555,0.0
2023-11-18,0.4968427073719718,0.34914539755612106,0.0490680760168852,0.0,0.0,0.0895311566398737,0.0,0.015412662415148319,0.0
2023-11-19,0.49786598889137357,0.3489962015623428,0.04916913507367656,0.0,0.0,0.08850963931415011,0.0,0.01545903515845692,0.0
2023-11-20,0.5021251753678886,0.34458946389116557,0.04958977138915188,0.0,0.0,0.08829561476875514,0.0,0.015399974583038963,0.0
2023-11-21,0.503486901227722,0.3410679281033754,0.049724255134234695,0.0,0.0,0.09018862977988466,0.0,0.015532285754783088,0.0
2023-11-22,0.4948798447488037,0.3485207605825364,0.04887422413785942,0.0,0.0,0.09182457263141441,0.0,0.015900597899386176,0.0
2023-11-23,0.2071056216955185,0.0,0.2071056216955185,0.2071056216955185,0.0,0.0,0.0,0.2071056216955185,0.17157748341560364
2023-11-24,0.20714541795612165,0.0,0.20714541795612165,0.20813037569737466,0.0,0.0,0.0,0.20693288974479604,0.17064589864558583
2023-11-25,0.20622723219166703,0.0,0.20622723219166703,0.20738525957628218,0.0,0.0,0.0,0.20736193756828153,0.17279833847210227
2023-11-26,0.20738673277147848,0.0,0.20738673277147848,0.2090186751927975,0.0,0.0,0.0,0.20620099747291065,0.17000686179133498
2023-11-27,0.20631705309834997,0.0,0.20631705309834997,0.2096322897766158,0.0,0.0,0.0,0.2068930305238505,0.17084057350283377
2023-11-28,0.20477231662499296,0.0,0.20477231662499296,0.21009538696392113,0.0,0.0,0.0,0.20837341525351888,0.17198656453257402
2023-11-29,0.20553187125949485,0.0,0.20553187125949485,0.20960424778881276,0.0,0.0,0.0,0.20961655885016123,0.16971545084203637
2023-11-30,0.05551997199654579,0.0,0.0,0.1713211089372635,0.0,0.3865794539451599,0.0,0.0,0.3865794539451599
2023-12-01,0.056675486710846525,0.0,0.0,0.16790633748827877,0.0,0.3873650343046933,0.0,0.0,0.38805314149618136
2023-12-02,0.05648814570782187,0.0,0.0,0.16522849264982634,0.0,0.3890661281597063,0.0,0.0,0.3892172334826454
2023-12-03,0.056786428224756325,0.0,0.0,0.16429199699008665,0.0,0.3900181922496333,0.0,0.0,0.3889033825355236
2023-12-04,0.057416179915063106,0.0,0.0,0.16424555817119857,0.0,0.38918812017358695,0.0,0.0,0.38915014174015133
2023-12-05,0.056465339277734,0.0,0.0,0.1590513321751499,0.0,0.3925409737506827,0.0,0.0,0.39194235479643336
2023-12-06,0.05757363784214353,0.0,0.0,0.15520685345317717,0.0,0.3928242512627055,0.0,0.0,0.3943952574419738
2023-12-07,0.0,0.0,0.22999151051044464,0.18185769021511078,0.2528856098651886,0.18555545806884766,0.0,0.14970971643924713,0.0
2023-12-08,0.0,0.0,0.23645671616442132,0.18461638006294215,0.24721258352926023,0.18655972056500547,0.0,0.14515459967837072,0.0
2023-12-09,0.0,0.0,0.23646275438261005,0.1842930816104022,0.24621300844718624,0.18709028440597023,0.0,0.1459408711538313,0.0
2023-12-10,0.0,0.0,0.23511991422613343,0.1880525722795412,0.24411661824214292,0.18691719419905353,0.0,0.14579370105312886,0.0
2023-12-11,0.0,0.0,0.23666578301779378,0.18906734283793916,0.24293485574668736,0.1866619555516057,0.0,0.14467006284597397,0.0
2023-12-12,0.0,0.0,0.2261810353675674,0.19263680520829718,0.24605545988561145,0.18871722496776924,0.0,0.14640947457075465,0.0
2023-12-13,0.0,0.0,0.23087063729839033,0.18471397370990064,0.25334643676698604,0.1852798745237468,0.0,0.1457890777009762,0.0
2023-12-14,0.012989518232643604,0.0,0.0,0.6113801598548889,0.0,0.0,0.0,0.24291522800922394,0.1327151656150818
2023-12-15,0.012898283184794091,0.0,0.0,0.6186360466276032,0.0,0.0,0.0,0.23697963711505424,0.13148603307254855
2023-12-16,0.01253100241337683,0.0,0.0,0.618386701043603,0.0,0.0,0.0,0.2364309245640181,0.13265137197900204
2023-12-17,0.012872458469243809,0.0,0.0,0.6122435140764536,0.0,0.0,0.0,0.24155575861094541,0.13332826884335722
2023-12-18,0.012968327930174295,0.0,0.0,0.6094826439164924,0.0,0.0,0.0,0.2432319862174003,0.13431704193593302
2023-12-19,0.013120316666997525,0.0,0.0,0.6064139828250616,0.0,0.0,0.0,0.246362247611004,0.13410345289693681
2023-12-20,0.012966046111694163,0.0,0.0,0.5988633511848415,0.0,0.0,0.0,0.2513183132592472,0.1368522894442171
2023-12-21,0.3189918100833893,0.08325705677270889,0.0,0.0,0.0,0.0,0.2628333568572998,0.3349178433418274,0.0
2023-12-22,0.31391980711574086,0.07996456380975603,0.0,0.0,0.0,0.0,0.2832086930670279,0.3229069360074753,0.0
2023-12-23,0.3170355626106742,0.07768948297546391,0.0,0.0,0.0,0.0,0.2914468996527884,0.3138280547610734,0.0
2023-12-24,0.30980949583011236,0.07707593954933828,0.0,0.0,0.0,0.0,0.3029991367777309,0.3101154278428186,0.0
2023-12-25,0.2964919976434165,0.07456353858043027,0.0,0.0,0.0,0.0,0.3298022085477856,0.2991422552283676,0.0
2023-12-26,0.29183844514131635,0.07315643870757217,0.0,0.0,0.0,0.0,0.34306494541246385,0.29194017073864764,0.0
2023-12-27,0.2898122911917114,0.07417687803708642,0.0,0.0,0.0,0.0,0.3397709280052473,0.2962399027659549,0.0
2023-12-28,0.17333348095417023,0.2210049331188202,0.0,0.3028307855129242,0.0,0.0,0.0,0.0,0.3028307855129242
2023-12-29,0.16802817697547265,0.21703065903927232,0.0,0.3094631943327558,0.0,0.0,0.0,0.0,0.3054779696524992
2023-12-30,0.16563547079378935,0.2202970932153234,0.0,0.3118107402929558,0.0,0.0,0.0,0.0,0.30225669569793145
2023-12-31,0.1673659217137432,0.22195237866995124,0.0,0.3134958796915309,0.0,0.0,0.0,0.0,0.2971858199247746
2024-01-01,0.16681699570992609,0.22360141396087657,0.0,0.3102305808269602,0.0,0.0,0.0,0.0,0.29935100950223714
2024-01-02,0.16956005243945468,0.22139717667260086,0.0,0.30995579414434615,0.0,0.0,0.0,0.0,0.2990869767435982
2024-01-03,0.16670971565572903,0.21593954302712862,0.0,0.3139155208315994,0.0,0.0,0.0,0.0,0.30343522048554294
2024-01-04,0.2951118052005768,0.0,0.0,0.0,0.2951118052005768,0.11466459929943085,0.0,0.2951118052005768,0.0
2024-01-05,0.3060925562908765,0.0,0.0,0.0,0.29395755994992795,0.11009464814609767,0.0,0.2898552356130979,0.0
2024-01-06,0.3045282423272376,0.0,0.0,0.0,0.29510309911105037,0.1099340711046039,0.0,0.2904345874571082,0.0
2024-01-07,0.30314283969797706,0.0,0.0,0.0,0.2960566288479487,0.11034013950570189,0.0,0.2904603919483725,0.0
2024-01-08,0.30140539432598823,0.0,0.0,0.0,0.29582485926967333,0.10972889059473113,0.0,0.29304085580960726,0.0
2024-01-09,0.3017026647961348,0.0,0.0,0.0,0.28707023174927115,0.11097636047289161,0.0,0.30025074298170235,0.0
2024-01-10,0.30620564887807405,0.0,0.0,0.0,0.285113361802502,0.10956915633560808,0.0,0.29911183298381583,0.0
2024-01-11,0.1857704222202301,0.0,0.0,0.12201546132564545,0.07334698736667633,0.2320556640625,0.07151716947555542,0.2320556640625,0.0832386240363121
2024-01-12,0.18062437664716577,0.0,0.0,0.12308342630584194,0.07025007902642216,0.235304345373837,0.07412170104883122,0.2320946520884771,0.08452141950942486
2024-01-13,0.1765896853042479,0.0,0.0,0.12435226783355154,0.07216163840457229,0.24359149942267808,0.07007869177307471,0.22659426389931334,0.08663195336256213
2024-01-14,0.18727687835143333,0.0,0.0,0.12173485143718438,0.07448786864333345,0.2412226881534094,0.07023187675338914,0.2188962269362493,0.08614960972500106
2024-01-15,0.18253780486465515,0.0,0.0,0.11996861653249874,0.07497302495375258,0.24168530220841553,0.0746962544323354,0.21947845641332192,0.08666054059502067
2024-01-16,0.18655959423567153,0.0,0.0,0.11952836391904098,0.07593724971214935,0.23998006106199354,0.07160486325361286,0.2203799839342337,0.08600988388329808
2024-01-17,0.18733956825817916,0.0,0.0,0.12388088094284676,0.07421302222507593,0.24000485404759223,0.07050624411649903,0.21779440307551715,0.08626102733428974
2024-01-18,0.29647430777549744,0.17167837917804718,0.0,0.0,0.18648017942905426,0.19163718819618225,0.0,0.06488486379384995,0.08884508907794952
2024-01-19,0.2937325020179557,0.174437081882581,0.0,0.0,0.18867617962401684,0.18991486292302037,0.0,0.06528998791518086,0.08794938563724516
2024-01-20,0.2976804405773184,0.17471350067149644,0.0,0.0,0.18972757507014298,0.1873169253255116,0.0,0.06381657693378676,0.08674498142174372
2024-01-21,0.2963979417515769,0.175201923950296,0.0,0.0,0.18978861066859057,0.1877598413864827,0.0,0.06392124394744489,0.08693043829560897
2024-01-22,0.2972475830482739,0.17536024836598305,0.0,0.0,0.18988272815955587,0.18690931987075507,0.0,0.06408859045166235,0.08651153010376977
2024-01-23,0.28416540945057245,0.1790354747716145,0.0,0.0,0.193729370256385,0.18992185529717728,0.0,0.06523078339646517,0.08791710682778567
2024-01-24,0.2813747080786064,0.1840115350876239,0.0,0.0,0.1987695780673706,0.18558859432744063,0.0,0.06433618589126294,0.08591939854769548
2024-01-25,0.0,0.0,0.22131778299808502,0.22131778299808502,0.20442189276218414,0.17776045203208923,0.17518208920955658,0.0,0.0
2024-01-26,0.0,0.0,0.22067334268211922,0.2201679689945338,0.204237670952223,0.17688733851111893,0.17803367886000507,0.0,0.0
2024-01-27,0.0,0.0,0.22007166608694137,0.22230318695416684,0.1995894897319169,0.17605216772726257,0.18198348949971227,0.0,0.0
2024-01-28,0.0,0.0,0.22060863994021723,0.2228024224640042,0.19871684868985015,0.17584004945808496,0.18203203944784344,0.0,0.0
2024-01-29,0.0,0.0,0.21580787627235098,0.22081943535399237,0.19737606410395606,0.17547696267456858,0.1905196615951321,0.0,0.0
2024-01-30,0.0,0.0,0.2199100266547555,0.21869345047374833,0.1953357496901001,0.17390923309908057,0.1921515400823156,0.0,0.0
2024-01-31,0.0,0.0,0.2186173274520681,0.2211606507721085,0.19024174130499807,0.17484898491430398,0.19513129555652134,0.0,0.0
2024-02-01,0.11425013840198517,0.0,0.049622345715761185,0.0,0.0,0.29041051864624023,0.2553064823150635,0.0,0.29041051864624023
2024-02-02,0.11901869583920494,0.0,0.05169347673603724,0.0,0.0,0.29159508073608575,0.24631628782131582,0.0,0.29137645886735614
2024-02-03,0.11810680929945408,0.0,0.051297416391936336,0.0,0.0,0.28911665423741956,0.2529879695418259,0.0,0.28849115052936414
2024-02-04,0.11769877038561831,0.0,0.051120192553689416,0.0,0.0,0.2904588546374796,0.2507946911943209,0.0,0.2899274912288918
2024-02-05,0.11862196404344821,0.0,0.0515211639266102,0.0,0.0,0.29179012833700413,0.24727537626384008,0.0,0.29079136742909734
2024-02-06,0.11843534283149167,0.0,0.05144010859987599,0.0,0.0,0.2932496495975671,0.24469360635985346,0.0,0.29218129261121184
2024-02-07,0.12038691238855773,0.0,0.05228773522513532,0.0,0.0,0.2944987157566393,0.23917395638185907,0.0,0.2936526802478086
2024-02-08,0.2142600566148758,0.11179869621992111,0.0,0.0,0.0,0.6739412546157837,0.0,0.0,0.0
2024-02-09,0.21376541966607157,0.11123895190368417,0.0,0.0,0.0,0.6749956284302442,0.0,0.0,0.0
2024-02-10,0.21497721911519624,0.10891684997288881,0.0,0.0,0.0,0.676105930911915,0.0,0.0,0.0
2024-02-11,0.21554488306633013,0.10882651006349413,0.0,0.0,0.0,0.6756286068701757,0.0,0.0,0.0
2024-02-12,0.21374123948363458,0.10856608993978507,0.0,0.0,0.0,0.6776926705765803,0.0,0.0,0.0
2024-02-13,0.21769227725457393,0.10396540543189457,0.0,0.0,0.0,0.6783423173135315,0.0,0.0,0.0
2024-02-14,0.21457084414105776,0.10322736310092602,0.0,0.0,0.0,0.6822017927580163,0.0,0.0,0.0
2024-02-15,0.0,0.0,0.0,0.0,0.9036879539489746,0.0,0.0963120386004448,0.0,0.0
2024-02-16,0.0,0.0,0.0,0.0,0.9030486512985072,0.0,0.09695134870149272,0.0,0.0
2024-02-17,0.0,0.0,0.0,0.0,0.9060118916943802,0.0,0.09398810830561972,0.0,0.0
2024-02-18,0.0,0.0,0.0,0.0,0.9084894238397153,0.0,0.0915105761602847,0.0,0.0
2024-02-19,0.0,0.0,0.0,0.0,0.9065682068800593,0.0,0.09343179311994074,0.0,0.0
2024-02-20,0.0,0.0,0.0,0.0,0.9065069229414169,0.0,0.09349307705858309,0.0,0.0
2024-02-21,0.0,0.0,0.0,0.0,0.9082193605483782,0.0,0.0917806394516218,0.0,0.0
2024-02-22,0.18302588164806366,0.0,0.0,0.31914085149765015,0.0,0.0,0.0,0.26849791407585144,0.22933541238307953
2024-02-23,0.18846111278709543,0.0,0.0,0.3139072175105468,0.0,0.0,0.0,0.2675131407018008,0.23011852900055707
2024-02-24,0.17906740732030987,0.0,0.0,0.3455867791059901,0.0,0.0,0.0,0.2553609599823758,0.21998485359132425
2024-02-25,0.17747202167122011,0.0,0.0,0.3584088546961548,0.0,0.0,0.0,0.2492013970103165,0.21491772662230849
2024-02-26,0.18265340128358137,0.0,0.0,0.3477402667652271,0.0,0.0,0.0,0.24881122398160624,0.22079510796958515
2024-02-27,0.18127131881655226,0.0,0.0,0.3449918673705484,0.0,0.0,0.0,0.2542539942883414,0.219482819524558
2024-02-28,0.18005275611783977,0.0,0.0,0.34216891084517076,0.0,0.0,0.0,0.2583904720264984,0.2193878610104909
2024-02-29,0.0900619626045227,0.0,0.217769056558609,0.0,0.07723163068294525,0.0,0.3074686527252197,0.3074686527252197,0.0
2024-03-01,0.08663978584751952,0.0,0.20949426238138374,0.0,0.07348345476837723,0.0,0.3333269641640647,0.2970555328386548,0.0
2024-03-02,0.08658726759390503,0.0,0.20936727369258565,0.0,0.07276127645115853,0.0,0.33940367725536913,0.2918805050069817,0.0
2024-03-03,0.08754162896743606,0.0,0.21167491134470348,0.0,0.07378355430751053,0.0,0.33197909548995885,0.295020809890391,0.0
2024-03-04,0.08875104945807415,0.0,0.21459927976409296,0.0,0.07316930612369972,0.0,0.33009955008492364,0.29338081456920956,0.0
2024-03-05,0.08789867892845421,0.0,0.2125382551016749,0.0,0.07176569405508265,0.0,0.3242229706857293,0.30357440122905904,0.0
2024-03-06,0.08540209303063546,0.0,0.20650153171854252,0.0,0.07180715070076214,0.0,0.33084253642384487,0.30544668812621506,0.0
2024-03-07,0.0,0.3663775622844696,0.0,0.11237505823373795,0.0,0.0,0.521247386932373,0.0,0.0
2024-03-08,0.0,0.3456668141521585,0.0,0.1064494650098459,0.0,0.0,0.5478837208379956,0.0,0.0
2024-03-09,0.0,0.3404207180770718,0.0,0.1061346475773796,0.0,0.0,0.5534446343455486,0.0,0.0
2024-03-10,0.0,0.3447600043454313,0.0,0.10748229120124012,0.0,0.0,0.5477577044533286,0.0,0.0
2024-03-11,0.0,0.3448718538929755,0.0,0.10979461148416894,0.0,0.0,0.5453335346228555,0.0,0.0
2024-03-12,0.0,0.3414985266412284,0.0,0.1090663182077088,0.0,0.0,0.549435155151063,0.0,0.0
2024-03-13,0.0,0.33871091662569697,0.0,0.1087316456503902,0.0,0.0,0.5525574377239129,0.0,0.0
2024-03-14,0.2396250218153,0.2094542235136032,0.0,0.2754603624343872,0.0,0.0,0.0,0.0,0.2754603624343872
2024-03-15,0.23683281376077336,0.21372512070762567,0.0,0.2723482774259503,0.0,0.0,0.0,0.0,0.2770937881056506
2024-03-16,0.23357183305192036,0.2199865167239777,0.0,0.26845342357452184,0.0,0.0,0.0,0.0,0.27798822664958023
2024-03-17,0.22961853756282605,0.2288051101355822,0.0,0.26483322248892394,0.0,0.0,0.0,0.0,0.27674312981266785
2024-03-18,0.23789780153922685,0.22896168097893443,0.0,0.2627502767349179,0.0,0.0,0.0,0.0,0.2703902407469208
2024-03-19,0.2328638870659722,0.23097511226669276,0.0,0.26348071744247775,0.0,0.0,0.0,0.0,0.27268028322485727
2024-03-20,0.2188350965134002,0.2414905322606745,0.0,0.2623027401053938,0.0,0.0,0.0,0.0,0.2773716311205316
2024-03-21,0.0,0.0,0.2372777760028839,0.31014129519462585,0.0,0.0,0.0,0.45258086919784546,0.0
2024-03-22,0.0,0.0,0.23346032485668342,0.3167446983771259,0.0,0.0,0.0,0.4497949767661908,0.0
2024-03-23,0.0,0.0,0.22652705149071753,0.32342892058302164,0.0,0.0,0.0,0.4500440279262608,0.0
2024-03-24,0.0,0.0,0.23160626093916808,0.32213498779898075,0.0,0.0,0.0,0.44625875126185116,0.0
2024-03-25,0.0,0.0,0.2348494957041065,0.3183478854702946,0.0,0.0,0.0,0.4468026188255989,0.0
2024-03-26,0.0,0.0,0.22964926661863214,0.32393471576553784,0.0,0.0,0.0,0.44641601761583005,0.0
2024-03-27,0.0,0.0,0.2281854478479756,0.32559389089438995,0.0,0.0,0.0,0.44622066125763443,0.0
2024-03-28,0.06215507909655571,0.10746556520462036,0.09732568264007568,0.16551700234413147,0.16771355271339417,0.0,0.06439607590436935,0.16771355271339417,0.16771355271339417
2024-03-29,0.06321265614973437,0.10742199623300855,0.09898169225572102,0.16242051528539936,0.16960965101297526,0.0,0.0630388747643481,0.16939286628536865,0.16592174801344461
2024-03-30,0.06219673394866536,0.10730239040045528,0.09739090799214298,0.1666080614061882,0.17022284882506108,0.0,0.06333721987302023,0.16819739038002696,0.16474444717443998
2024-03-31,0.06208281046268088,0.10729716898216238,0.09721252062294743,0.16519186321191243,0.17063035445211958,0.0,0.06664623860127329,0.1670613263671864,0.16387771729971765
2024-04-01,0.06315256764881338,0.10530323276976084,0.09888760252957221,0.16967655808434243,0.16698082572191067,0.0,0.06557939005543598,0.1654381835625606,0.16498163962760393
2024-04-02,0.06094164614113866,0.10535611629711093,0.09542562567867328,0.17118284151364582,0.16939950742906132,0.0,0.06680833335810187,0.16598385380442784,0.16490207577784025
2024-04-03,0.05903540708568911,0.10869670660866315,0.09244073659087094,0.16615817617506698,0.17647372943923603,0.0,0.06557640724929589,0.16777675952388926,0.16384207732728862
2024-04-04,0.0,0.28004908561706543,0.01796075329184532,0.0,0.0,0.0,0.0,0.35099509358406067,0.35099509358406067
2024-04-05,0.0,0.2755485634025728,0.01770910499356576,0.0,0.0,0.0,0.0,0.35691730667263044,0.3498250249312311
2024-04-06,0.0,0.27795200159501937,0.017857133410867632,0.0,0.0,0.0,0.0,0.3579490734131537,0.3462417915809594
2024-04-07,0.0,0.2766567345606362,0.018110707807691744,0.0,0.0,0.0,0.0,0.35697564320026326,0.34825691443140877
2024-04-08,0.0,0.2737553749501917,0.018131539853505386,0.0,0.0,0.0,0.0,0.3597313352951725,0.3483817499011304
2024-04-09,0.0,0.2619998312701094,0.01879050810834005,0.0,0.0,0.0,0.0,0.3571263284722497,0.362083332149301
2024-04-10,0.0,0.26279484247442914,0.01777123228033472,0.0,0.0,0.0,0.0,0.35477009738925414,0.3646638278559821
2024-04-11,0.17429019510746002,0.0,0.0,0.08747892826795578,0.14690935611724854,0.29566076397895813,0.29566076397895813,0.0,0.0
2024-04-12,0.1722116264741789,0.0,0.0,0.08231171671340883,0.14853253337564654,0.2981890377793204,0.2987550856574452,0.0,0.0
2024-04-13,0.16129294593341248,0.0,0.0,0.08072365754716855,0.15421742677536882,0.30100889135204595,0.30275707839200416,0.0,0.0
2024-04-14,0.16291846685741107,0.0,0.0,0.07314872059077555,0.18205741657878147,0.29795061241007426,0.28392478356295775,0.0,0.0
2024-04-15,0.17707933486950223,0.0,0.0,0.07159715220353213,0.17875505058261576,0.29366049998276167,0.27890796236158816,0.0,0.0
2024-04-16,0.167909324456968,0.0,0.0,0.07434201684484747,0.1686853424831013,0.2984487826927741,0.2906145335223092,0.0,0.0
2024-04-17,0.17535113513872017,0.0,0.0,0.07484982359337172,0.17737716411469248,0.2998438832622796,0.27257799389093607,0.0,0.0
2024-04-18,0.0,0.0,0.03251250460743904,0.21396306157112122,0.08468487858772278,0.24218106269836426,0.0,0.1808769851922989,0.24578149616718292
2024-04-19,0.0,0.0,0.033575577248915016,0.21537005252819996,0.08462521205072,0.24133000418982425,0.0,0.18083852947984974,0.24426062450249098
2024-04-20,0.0,0.0,0.03292818138544234,0.21590340717587952,0.08505505415149942,0.24103452730570307,0.0,0.1815644055882044,0.24351442439327134
2024-04-21,0.0,0.0,0.033470218110085874,0.22148451284398638,0.08179922823623331,0.24033146576396372,0.0,0.17948785116933025,0.24342672387640057
2024-04-22,0.0,0.0,0.03325045517219454,0.2203440053606057,0.0811158507525246,0.24190843598755843,0.0,0.17896635429040972,0.24441489843670708
2024-04-23,0.0,0.0,0.033550388195620444,0.21965698827232552,0.07979292718470525,0.24209596778456316,0.0,0.18024250176844375,0.24466122679434188
2024-04-24,0.0,0.0,0.03341495788635469,0.2200185881326429,0.07784292663082004,0.24289862470976964,0.0,0.18047421428344243,0.24535068835697027
2024-04-25,0.0,0.0,0.6510406136512756,0.019072240218520164,0.0,0.013846838846802711,0.3160403072834015,0.0,0.0
2024-04-26,0.0,0.0,0.6678251234842414,0.017850595529505214,0.0,0.013602357446530135,0.30072192353972327,0.0,0.0
2024-04-27,0.0,0.0,0.6701481087652674,0.018159794488817157,0.0,0.013719018485077611,0.2979730782608377,0.0,0.0
2024-04-28,0.0,0.0,0.6827901744474596,0.018324169855700723,0.0,0.013853335496798664,0.2850323202000409,0.0,0.0
2024-04-29,0.0,0.0,0.6805679342998365,0.018658609647009234,0.0,0.01408496605721086,0.28668848999594343,0.0,0.0
2024-04-30,0.0,0.0,0.6853897954720006,0.018419150794338694,0.0,0.014163341119466245,0.28202771261419446,0.0,0.0
2024-05-01,0.0,0.0,0.6705873346902698,0.01879674639583209,0.0,0.014638175978656253,0.29597774293524187,0.0,0.0
2024-05-02,0.0,0.29298821091651917,0.0,0.0,0.12103533744812012,0.29298821091651917,0.0,0.0,0.29298821091651917
2024-05-03,0.0,0.29352374715277535,0.0,0.0,0.12113913881245625,0.2922477244074438,0.0,0.0,0.2930893896273247
2024-05-04,0.0,0.28765382173407805,0.0,0.0,0.11796519929506917,0.29752048993821667,0.0,0.0,0.296860489032636
2024-05-05,0.0,0.28563810603779133,0.0,0.0,0.1169310623118793,0.2994795384208449,0.0,0.0,0.29795129322948455
2024-05-06,0.0,0.2854382555173569,0.0,0.0,0.11655158782124408,0.29940717758277496,0.0,0.0,0.29860297907862404
2024-05-07,0.0,0.2825423147741347,0.0,0.0,0.11660773553694236,0.30077436399219515,0.0,0.0,0.3000755856967277
2024-05-08,0.0,0.28700685019643907,0.0,0.0,0.1182137995974818,0.2975073909869061,0.0,0.0,0.297271959219173
2024-05-09,0.1783445030450821,0.14412079751491547,0.1783445030450821,0.0,0.16974660754203796,0.15109902620315552,0.1783445030450821,0.0,0.0
2024-05-10,0.1807711400144463,0.14283830149660798,0.1807711400144463,0.0,0.17064838713408254,0.1486444908279044,0.1763265405125126,0.0,0.0
2024-05-11,0.1747400672023542,0.14386310303030345,0.1747400672023542,0.0,0.1732084696875088,0.15119506742748046,0.1822532254499988,0.0,0.0
2024-05-12,0.1772847638601687,0.14573702954293466,0.1772847638601687,0.0,0.17452940461091948,0.15014677314137198,0.17501726498443654,0.0,0.0
2024-05-13,0.17776129192138238,0.14537404595163012,0.17776129192138238,0.0,0.17397602242921298,0.14977625116524584,0.17535109661114628,0.0,0.0
2024-05-14,0.17778420600775693,0.1446247269114036,0.17778420600775693,0.0,0.1736699102536188,0.14851264451900123,0.1776243063004625,0.0,0.0
2024-05-15,0.17590212034589695,0.14628115548295564,0.17590212034589695,0.0,0.174894908132628,0.14869501578112984,0.17832467991149256,0.0,0.0
