DAY,CUM_ROLLING_AVG_DAILY_RETURN,CUM_ROLLING_STDDEV_DAILY_RETURN,ROLLING_AVG_30D,ROLLING_STDDEV_30D,ROLLING_AVG_90D,ROLLING_STDDEV_90D
2022-01-31 00:00:00.000,0,"null",0,"null",0,"null"
2022-02-01 00:00:00.000,0.01862234297,0.02633596999,0.01862234297,0.02633596999,0.01862234297,0.02633596999
2022-02-02 00:00:00.000,-0.0004900343394,0.03798210837,-0.0004900343394,0.03798210837,-0.0004900343394,0.03798210837
2022-02-03 00:00:00.000,-0.001379330673,0.03106322203,-0.001379330673,0.03106322203,-0.001379330673,0.03106322203
2022-02-04 00:00:00.000,0.02062539905,0.05607792322,0.02062539905,0.05607792322,0.02062539905,0.05607792322
2022-02-05 00:00:00.000,0.0189656591,0.0503221144,0.0189656591,0.0503221144,0.0189656591,0.0503221144
2022-02-06 00:00:00.000,0.01814094622,0.04598938708,0.01814094622,0.04598938708,0.01814094622,0.04598938708
2022-02-07 00:00:00.000,0.01905366556,0.04265608902,0.01905366556,0.04265608902,0.01905366556,0.04265608902
2022-02-08 00:00:00.000,0.01616715638,0.04082997192,0.01616715638,0.04082997192,0.01616715638,0.04082997192
2022-02-09 00:00:00.000,0.01807308478,0.03896383442,0.01807308478,0.03896383442,0.01807308478,0.03896383442
2022-02-10 00:00:00.000,0.01221284307,0.04176277188,0.01221284307,0.04176277188,0.01221284307,0.04176277188
2022-02-11 00:00:00.000,0.007462483693,0.04308552998,0.007462483693,0.04308552998,0.007462483693,0.04308552998
2022-02-12 00:00:00.000,0.006551886954,0.0413817038,0.006551886954,0.0413817038,0.006551886954,0.0413817038
2022-02-13 00:00:00.000,0.005423959689,0.03998161975,0.005423959689,0.03998161975,0.005423959689,0.03998161975
2022-02-14 00:00:00.000,0.006145621657,0.03862850178,0.006145621657,0.03862850178,0.006145621657,0.03862850178
2022-02-15 00:00:00.000,0.01059508353,0.04134546064,0.01059508353,0.04134546064,0.01059508353,0.04134546064
2022-02-16 00:00:00.000,0.009386078516,0.04034173341,0.009386078516,0.04034173341,0.009386078516,0.04034173341
2022-02-17 00:00:00.000,0.004665382073,0.04396421646,0.004665382073,0.04396421646,0.004665382073,0.04396421646
2022-02-18 00:00:00.000,0.003250276271,0.0431685025,0.003250276271,0.0431685025,0.003250276271,0.0431685025
2022-02-19 00:00:00.000,0.00199376971,0.04239122319,0.00199376971,0.04239122319,0.00199376971,0.04239122319
2022-02-20 00:00:00.000,0.0001423016565,0.04217999083,0.0001423016565,0.04217999083,0.0001423016565,0.04217999083
2022-02-21 00:00:00.000,0.001308506742,0.04152530403,0.001308506742,0.04152530403,0.001308506742,0.04152530403
2022-02-22 00:00:00.000,-0.0002750928454,0.04127530019,-0.0002750928454,0.04127530019,-0.0002750928454,0.04127530019
2022-02-23 00:00:00.000,0.000002558356431,0.04039094965,0.000002558356431,0.04039094965,0.000002558356431,0.04039094965
2022-02-24 00:00:00.000,-0.0003786771998,0.03958643867,-0.0003786771998,0.03958643867,-0.0003786771998,0.03958643867
2022-02-25 00:00:00.000,0.002016138143,0.04066345208,0.002016138143,0.04066345208,0.002016138143,0.04066345208
2022-02-26 00:00:00.000,0.002131973708,0.03987833793,0.002131973708,0.03987833793,0.002131973708,0.03987833793
2022-02-27 00:00:00.000,0.002459983135,0.03917135476,0.002459983135,0.03917135476,0.002459983135,0.03917135476
2022-02-28 00:00:00.000,0.0005015670307,0.03988510532,0.0005015670307,0.03988510532,0.0005015670307,0.03988510532
2022-03-01 00:00:00.000,0.004121903933,0.04392232789,0.004121903933,0.04392232789,0.004121903933,0.04392232789
2022-03-02 00:00:00.000,0.003787907145,0.04322410624,0.003914170716,0.04395721834,0.003787907145,0.04322410624
2022-03-03 00:00:00.000,0.002339104281,0.04330385452,0.001253555035,0.04428462594,0.002339104281,0.04330385452
2022-03-04 00:00:00.000,0.000381355289,0.04408066298,0.0004684942519,0.04521655491,0.000381355289,0.04408066298
2022-03-05 00:00:00.000,0.0009494510744,0.0435338466,0.001259955307,0.04534241556,0.0009494510744,0.0435338466
2022-03-06 00:00:00.000,0.0005229040112,0.04296303912,-0.002827511828,0.04060819046,0.0005229040112,0.04296303912
2022-03-07 00:00:00.000,-0.0007382239298,0.04301558916,-0.004679000535,0.04123314964,-0.0007382239298,0.04301558916
2022-03-08 00:00:00.000,0.0000128295521,0.04265927287,-0.004217064337,0.04151692032,0.0000128295521,0.04265927287
2022-03-09 00:00:00.000,0.001255891193,0.04277086738,-0.003490181972,0.04223873307,0.001255891193,0.04277086738
2022-03-10 00:00:00.000,0.0008304048543,0.04228790477,-0.003770620603,0.04229022157,0.0008304048543,0.04228790477
2022-03-11 00:00:00.000,-6.125865711e-7,0.04207181351,-0.006025178375,0.04194100599,-6.125865711e-7,0.04207181351
2022-03-12 00:00:00.000,0.0001556822299,0.04155464,-0.004265276746,0.04129154557,0.0001556822299,0.04155464
2022-03-13 00:00:00.000,-0.0004216435287,0.04121492611,-0.003575294417,0.04076053057,-0.0004216435287,0.04121492611
2022-03-14 00:00:00.000,0.0001933304552,0.04092050716,-0.002562044028,0.0411162265,0.0001933304552,0.04092050716
2022-03-15 00:00:00.000,0.0004917035082,0.04049028886,-0.001810016043,0.04119613462,0.0004917035082,0.04049028886
2022-03-16 00:00:00.000,0.0008610984965,0.04010415599,-0.001781163084,0.04120951981,0.0008610984965,0.04010415599
2022-03-17 00:00:00.000,0.001868512687,0.04024036529,-0.002785658432,0.03954827706,0.001868512687,0.04024036529
2022-03-18 00:00:00.000,0.002802011354,0.04031180766,-0.0009289600379,0.04049609764,0.002802011354,0.04031180766
2022-03-19 00:00:00.000,0.002713613651,0.03988535518,0.001542552598,0.03796611597,0.002713613651,0.03988535518
2022-03-20 00:00:00.000,0.002122110955,0.03968429062,0.001407606255,0.03806057305,0.002122110955,0.03968429062
2022-03-21 00:00:00.000,0.002395451606,0.03932478895,0.002663239536,0.03788677948,0.002395451606,0.03932478895
2022-03-22 00:00:00.000,0.002878679046,0.03908221069,0.004794143219,0.03737997528,0.002878679046,0.03908221069
2022-03-23 00:00:00.000,0.002530301499,0.03877861364,0.003426284321,0.03733563127,0.002530301499,0.03877861364
2022-03-24 00:00:00.000,0.003331329253,0.03884416587,0.006096252863,0.03734849953,0.003331329253,0.03884416587
2022-03-25 00:00:00.000,0.003315591927,0.03847614021,0.005966018784,0.03735425664,0.003315591927,0.03847614021
2022-03-26 00:00:00.000,0.003461594849,0.03813359057,0.006661821557,0.03724995562,0.003461594849,0.03813359057
2022-03-27 00:00:00.000,0.004042208525,0.03803432066,0.005798136188,0.03621125244,0.004042208525,0.03803432066
2022-03-28 00:00:00.000,0.004678822784,0.03799839555,0.006970986953,0.0367550557,0.004678822784,0.03799839555
2022-03-29 00:00:00.000,0.004689457575,0.03766368848,0.006770300386,0.03674694771,0.004689457575,0.03766368848
2022-03-30 00:00:00.000,0.004404345484,0.03740176008,0.008177031322,0.03509789124,0.004404345484,0.03740176008
2022-03-31 00:00:00.000,0.003910785884,0.03727999053,0.003699667836,0.02997092497,0.003910785884,0.03727999053
2022-04-01 00:00:00.000,0.0046057341,0.03736434843,0.005450821953,0.03089125081,0.0046057341,0.03736434843
2022-04-02 00:00:00.000,0.004771307007,0.0370797442,0.00736565658,0.02956360524,0.004771307007,0.0370797442
2022-04-03 00:00:00.000,0.004613609441,0.03680079103,0.009269089007,0.02661723231,0.004613609441,0.03680079103
2022-04-04 00:00:00.000,0.004660384828,0.03650947071,0.008866109748,0.02654533622,0.004660384828,0.03650947071
2022-04-05 00:00:00.000,0.004320430359,0.03632666003,0.008750877765,0.02665520434,0.004320430359,0.03632666003
2022-04-06 00:00:00.000,0.003139703775,0.0373006152,0.00779321702,0.029056346,0.003139703775,0.0373006152
2022-04-07 00:00:00.000,0.003261373187,0.03703035077,0.007267910336,0.02883781834,0.003261373187,0.03703035077
2022-04-08 00:00:00.000,0.003056082952,0.0367919326,0.005336325846,0.02799589155,0.003056082952,0.0367919326
2022-04-09 00:00:00.000,0.003112124208,0.03652336847,0.006078359369,0.027722701,0.003112124208,0.03652336847
2022-04-10 00:00:00.000,0.003377380786,0.03632559725,0.007881371951,0.02687930124,0.003377380786,0.03632559725
2022-04-11 00:00:00.000,0.002253091262,0.03728866085,0.005119550272,0.03097980988,0.002253091262,0.03728866085
2022-04-12 00:00:00.000,0.002310204414,0.0370283049,0.006134791534,0.03048460643,0.002310204414,0.0370283049
2022-04-13 00:00:00.000,0.002614854374,0.03686227909,0.006085705324,0.03045264832,0.002614854374,0.03686227909
2022-04-14 00:00:00.000,0.002175899758,0.03680315133,0.004646054258,0.03111251295,0.002175899758,0.03680315133
2022-04-15 00:00:00.000,0.00223688191,0.03655745047,0.00430055703,0.03102671124,0.00223688191,0.03655745047
2022-04-16 00:00:00.000,0.002376673645,0.03633336016,0.00315585378,0.03000601805,0.002376673645,0.03633336016
2022-04-17 00:00:00.000,0.002355847063,0.03609399604,0.00165685634,0.02890834491,0.002355847063,0.03609399604
2022-04-18 00:00:00.000,0.002038183215,0.03596843587,0.000957494518,0.02923778698,0.002038183215,0.03596843587
2022-04-19 00:00:00.000,0.002357479231,0.03584963268,0.002741914082,0.0291522119,0.002357479231,0.03584963268
2022-04-20 00:00:00.000,0.002166819346,0.0356628091,0.001785765579,0.02917991653,0.002166819346,0.0356628091
2022-04-21 00:00:00.000,0.001905382356,0.03551723943,0.0002507779816,0.02901636878,0.001905382356,0.03551723943
2022-04-22 00:00:00.000,0.001805985678,0.03530879034,0.0005505049219,0.02889706593,0.001805985678,0.03530879034
2022-04-23 00:00:00.000,0.00167733802,0.03511239888,-0.00124471316,0.02768907606,0.00167733802,0.03511239888
2022-04-24 00:00:00.000,0.001624477535,0.03490359993,-0.001419528371,0.02768129363,0.001624477535,0.03490359993
2022-04-25 00:00:00.000,0.001924705056,0.03480545626,-0.0008929262314,0.02807991029,0.001924705056,0.03480545626
2022-04-26 00:00:00.000,0.001144672847,0.03534818961,-0.004264060417,0.0295341511,0.001144672847,0.03534818961
2022-04-27 00:00:00.000,0.001464604411,0.03526854821,-0.004642410499,0.02901126029,0.001464604411,0.03526854821
2022-04-28 00:00:00.000,0.001612156701,0.03509257811,-0.004337291654,0.02916710211,0.001612156701,0.03509257811
2022-04-29 00:00:00.000,0.001167410413,0.03514397501,-0.005198561894,0.02978025195,0.001167410413,0.03514397501
2022-04-30 00:00:00.000,0.0008336695832,0.03508911409,-0.005320563019,0.02987241118,0.0008336695832,0.03508911409
2022-05-01 00:00:00.000,0.001224275154,0.03509201524,-0.005651358036,0.02933108622,0.001237878211,0.03528836943
2022-05-02 00:00:00.000,0.001310551604,0.03490847941,-0.005841676228,0.0292116112,0.0009258451292,0.03509000892
2022-05-03 00:00:00.000,0.001025932364,0.03482657055,-0.006508189497,0.02942295736,0.001076464588,0.03494674537
2022-05-04 00:00:00.000,0.00155916041,0.03502249863,-0.005056785014,0.03116560535,0.001689760014,0.03533796187
2022-05-05 00:00:00.000,0.0009029692572,0.03541796838,-0.006501529798,0.03272489249,-0.0001927212867,0.03406616168
2022-05-06 00:00:00.000,0.000733992574,0.03526994515,-0.004558572067,0.03023922787,-0.0004814518608,0.0340832033
2022-05-07 00:00:00.000,0.0005161760764,0.03515128861,-0.005614764137,0.03021987856,-0.0008546393793,0.03411565995
2022-05-08 00:00:00.000,0.00006283885297,0.03525642135,-0.006721847772,0.03101054916,-0.001625234632,0.03429777241
2022-05-09 00:00:00.000,-0.0009195286995,0.0364125112,-0.01019233039,0.03500011329,-0.002628197207,0.03574383106
2022-05-10 00:00:00.000,-0.0005368144743,0.03642973173,-0.009669936749,0.03560397379,-0.002604581058,0.03576981555
2022-05-11 00:00:00.000,-0.001602833623,0.0377972245,-0.01072852252,0.03804622277,-0.00329141633,0.03718546089
2022-05-12 00:00:00.000,-0.002006342371,0.03782978847,-0.01236605466,0.03834118925,-0.003268852513,0.03716060388
2022-05-13 00:00:00.000,-0.001793626219,0.03770574405,-0.01252092899,0.03819604021,-0.002999089233,0.03724052001
2022-05-14 00:00:00.000,-0.001554118405,0.03760167353,-0.01075482987,0.03858918608,-0.00263959722,0.03733564734
2022-05-15 00:00:00.000,-0.001166597504,0.0376305581,-0.00967529604,0.03953711495,-0.002385300698,0.03754310933
2022-05-16 00:00:00.000,-0.001641665283,0.03776897806,-0.01182145723,0.04001618155,-0.003817087295,0.0369205969
2022-05-17 00:00:00.000,-0.001334487921,0.03772445487,-0.01080634771,0.04072664332,-0.003359483804,0.03709842591
2022-05-18 00:00:00.000,-0.002050905821,0.03827878878,-0.01268253732,0.04253646845,-0.0033941634,0.0371680957
2022-05-19 00:00:00.000,-0.001566814094,0.03843490574,-0.01190078652,0.04350049435,-0.002583755393,0.03754619966
2022-05-20 00:00:00.000,-0.001880852315,0.03839970704,-0.01267464341,0.04372471796,-0.002741879431,0.03765817731
2022-05-21 00:00:00.000,-0.001691223635,0.03827693911,-0.01140205981,0.04408804356,-0.002119046203,0.03755049692
2022-05-22 00:00:00.000,-0.001523165288,0.03814561621,-0.0106228446,0.04438788906,-0.002215351784,0.03748915627
2022-05-23 00:00:00.000,-0.001687897955,0.03801529485,-0.01099838415,0.04442020989,-0.002048948149,0.03737454918
2022-05-24 00:00:00.000,-0.00166136058,0.03784777239,-0.0108617073,0.04445271959,-0.002105072296,0.03736552803
2022-05-25 00:00:00.000,-0.001781826148,0.03770354579,-0.01228366456,0.04387358705,-0.002171589745,0.03738421518
2022-05-26 00:00:00.000,-0.002349469266,0.03803384502,-0.01236600999,0.04397844094,-0.003610644739,0.03738343026
2022-05-27 00:00:00.000,-0.00269325167,0.0380516847,-0.01475103431,0.0435974376,-0.004140819284,0.0375956321
2022-05-28 00:00:00.000,-0.002317303457,0.03810817505,-0.01384371992,0.04449997642,-0.003803570397,0.03787097516
2022-05-29 00:00:00.000,-0.002230505487,0.03795816748,-0.01231098932,0.04443215618,-0.003110839965,0.03750473162
2022-05-30 00:00:00.000,-0.001439097137,0.03877981418,-0.008257397296,0.04825240689,-0.00329276416,0.03699044206
2022-05-31 00:00:00.000,-0.001610837311,0.03866407327,-0.01021067846,0.04756434692,-0.003470404846,0.03704306751
2022-06-01 00:00:00.000,-0.00206342219,0.03882712408,-0.01241027516,0.04815965397,-0.003628764936,0.03724204409
2022-06-02 00:00:00.000,-0.001999962236,0.03867407368,-0.0113802355,0.0482080141,-0.002873111996,0.0367252695
2022-06-03 00:00:00.000,-0.002251875553,0.038618558,-0.01419312157,0.0468772323,-0.003461265613,0.03678357526
2022-06-04 00:00:00.000,-0.002099801889,0.03850008388,-0.01160857718,0.04635472779,-0.003119743072,0.03682748307
2022-06-05 00:00:00.000,-0.002075803435,0.03834672051,-0.01106715066,0.04640472942,-0.002610835237,0.0365594434
2022-06-06 00:00:00.000,-0.001839955477,0.0382866145,-0.009458114165,0.04690435705,-0.002601655989,0.03656707734
2022-06-07 00:00:00.000,-0.00220900962,0.03836347651,-0.0096303813,0.04704453699,-0.003671967742,0.03650125113
2022-06-08 00:00:00.000,-0.002061490056,0.03825003967,-0.005829962534,0.04424925019,-0.003314644518,0.03654314854
2022-06-09 00:00:00.000,-0.002081524355,0.03810217999,-0.007230557289,0.04349384434,-0.003006374029,0.03641173232
2022-06-10 00:00:00.000,-0.002592234548,0.03840282116,-0.005923217665,0.04086403688,-0.003844063303,0.0370542896
2022-06-11 00:00:00.000,-0.003160496156,0.0388090768,-0.007084619024,0.04241287457,-0.004438627382,0.03780454842
2022-06-12 00:00:00.000,-0.003522677927,0.03888676659,-0.009459088791,0.04284169802,-0.005298104154,0.03798312487
2022-06-13 00:00:00.000,-0.004715759031,0.04112848326,-0.0156761132,0.05075387848,-0.007261629606,0.04142178162
2022-06-14 00:00:00.000,-0.004620201042,0.04098977117,-0.01670781342,0.04990881615,-0.007360850811,0.04137340238
2022-06-15 00:00:00.000,-0.004451437349,0.04088507237,-0.01437929865,0.04985799201,-0.007681634034,0.04105630863
2022-06-16 00:00:00.000,-0.005365364327,0.0421156623,-0.01974215684,0.05331610092,-0.009630549405,0.0426249354
2022-06-17 00:00:00.000,-0.00520231934,0.0420053643,-0.01654740801,0.05252663906,-0.009424150269,0.04270992574
2022-06-18 00:00:00.000,-0.005757778977,0.04236214322,-0.02098495138,0.05227098789,-0.01004794127,0.04336370452
2022-06-19 00:00:00.000,-0.004791706511,0.04372987742,-0.01546483856,0.05893769502,-0.008784572131,0.04571736089
2022-06-20 00:00:00.000,-0.004731527451,0.04357927847,-0.01598065157,0.05869134278,-0.009043977799,0.04557782629
2022-06-21 00:00:00.000,-0.004752351885,0.04342517608,-0.01680798185,0.05838261421,-0.008960107173,0.04557324703
2022-06-22 00:00:00.000,-0.005113095995,0.04348649801,-0.01801467528,0.05882624034,-0.0100859242,0.04547706795
2022-06-23 00:00:00.000,-0.00451854923,0.04391757244,-0.0153758661,0.06144168339,-0.009219033925,0.04645247677
2022-06-24 00:00:00.000,-0.004030811258,0.04415713824,-0.01265192085,0.06322098722,-0.008609503879,0.04708100901
2022-06-25 00:00:00.000,-0.003932799762,0.0440205419,-0.01005501101,0.06248061493,-0.00889502714,0.04688509445
2022-06-26 00:00:00.000,-0.004115757507,0.04392557411,-0.009663530269,0.06230640002,-0.009685658358,0.04664504105
2022-06-27 00:00:00.000,-0.004122096354,0.04377598035,-0.01122094841,0.06155850249,-0.00980065333,0.04662044335
2022-06-28 00:00:00.000,-0.004355458978,0.04372073302,-0.01278444116,0.06164876843,-0.01009799746,0.04672071331
2022-06-29 00:00:00.000,-0.004540808724,0.04363286375,-0.01694765508,0.0584090273,-0.01017520513,0.04675169696
2022-06-30 00:00:00.000,-0.004821125854,0.04362338653,-0.01776928964,0.05865858016,-0.01121044204,0.04651801588
2022-07-01 00:00:00.000,-0.004789407921,0.04348045676,-0.01587508322,0.05827009265,-0.0113756782,0.0464506937
2022-07-02 00:00:00.000,-0.004758104601,0.04333892263,-0.0160664883,0.05820603167,-0.01131830443,0.0464616404
2022-07-03 00:00:00.000,-0.004727207818,0.04319876157,-0.01495858118,0.05818424839,-0.01140282925,0.04643373477
2022-07-04 00:00:00.000,-0.004696709703,0.04305995153,-0.01551715893,0.05794923335,-0.01120908864,0.04644465146
2022-07-05 00:00:00.000,-0.004168701418,0.04342451814,-0.01295887295,0.06034469009,-0.00952819856,0.04689631215
2022-07-06 00:00:00.000,-0.003907859577,0.04340832946,-0.01266198694,0.06057399691,-0.009244955079,0.04710001219
2022-07-07 00:00:00.000,-0.003659350201,0.04338247175,-0.009847470011,0.06078481408,-0.008733233028,0.04733364876
2022-07-08 00:00:00.000,-0.003681316774,0.04324585459,-0.01064657166,0.06057936245,-0.008889621526,0.04730458285
2022-07-09 00:00:00.000,-0.003708050971,0.04311097314,-0.01075633297,0.06057113526,-0.009218942337,0.04719240983
2022-07-10 00:00:00.000,-0.003881391349,0.0430322853,-0.00951070938,0.05971052474,-0.00872081652,0.04670895424
2022-07-11 00:00:00.000,-0.004148308588,0.04303274932,-0.008494683289,0.05876374868,-0.00931511899,0.04685489472
2022-07-12 00:00:00.000,-0.004363689505,0.04298776499,-0.008092174168,0.05850098905,-0.01002406398,0.04681943399
2022-07-13 00:00:00.000,-0.004022257901,0.04307817572,-0.0009246195232,0.05158024285,-0.009118520866,0.04721776837
2022-07-14 00:00:00.000,-0.003657735958,0.04320113867,0.0006733569165,0.05260459802,-0.008569917515,0.04768868574
2022-07-15 00:00:00.000,-0.00348123766,0.04313001755,0.0009170009299,0.05270603379,-0.008427918317,0.04777217008
2022-07-16 00:00:00.000,-0.002993794661,0.0434588508,0.007836373479,0.0484245049,-0.007570710359,0.04862370012
2022-07-17 00:00:00.000,-0.003035931912,0.04333198118,0.006929450261,0.0484990761,-0.007433498355,0.04859873796
2022-07-18 00:00:00.000,-0.002322019518,0.04418844221,0.01359699931,0.04953179421,-0.00642957953,0.05022938297
2022-07-19 00:00:00.000,-0.002384831304,0.04406512424,0.008847252993,0.04462387768,-0.006430742993,0.05022953563
2022-07-20 00:00:00.000,-0.002427197932,0.04393882265,0.008403150808,0.04474307385,-0.00632652019,0.05021287087
2022-07-21 00:00:00.000,-0.002283444433,0.04385070526,0.009402717508,0.04470612732,-0.006009369645,0.05030345117
2022-07-22 00:00:00.000,-0.002355296929,0.04373325911,0.01079021195,0.04321654107,-0.006074282494,0.05031095526
2022-07-23 00:00:00.000,-0.002308237568,0.04361109733,0.008301258409,0.04116470585,-0.005978771665,0.05032546942
2022-07-24 00:00:00.000,-0.002179610879,0.04351887562,0.006767857621,0.03976650265,-0.006055909261,0.05027942902
2022-07-25 00:00:00.000,-0.002481241703,0.04357846918,0.004583007515,0.04133655449,-0.005946004496,0.05015945486
2022-07-26 00:00:00.000,-0.002487093118,0.04345456008,0.005493362387,0.0408274113,-0.006307067396,0.0500219999
2022-07-27 00:00:00.000,-0.002001935797,0.04381241439,0.008457522952,0.04319468978,-0.005535715128,0.05087366356
2022-07-28 00:00:00.000,-0.001810242299,0.04376438502,0.01083100054,0.04245304404,-0.00475480998,0.05090959649
2022-07-29 00:00:00.000,-0.001793346428,0.04364255563,0.01194396505,0.04171848146,-0.00442036244,0.05084823205
2022-07-30 00:00:00.000,-0.001855892765,0.04352929159,0.01306911378,0.04051543966,-0.004970284771,0.0506693508
2022-07-31 00:00:00.000,-0.001862700127,0.04340897553,0.01296595269,0.04055378584,-0.005106468564,0.05064740771
2022-08-01 00:00:00.000,-0.001957622449,0.04330859638,0.01232483652,0.0409162449,-0.00504062909,0.05062489381
2022-08-02 00:00:00.000,-0.001935761388,0.04319112277,0.01239366362,0.04089652973,-0.005586013043,0.05027594755
2022-08-03 00:00:00.000,-0.001967802798,0.04307580035,0.01213154954,0.04100376084,-0.00499806219,0.04993147207
2022-08-04 00:00:00.000,-0.00197825351,0.04295945795,0.009412075612,0.03917152127,-0.004871316,0.04991945607
2022-08-05 00:00:00.000,-0.001706341876,0.04300487093,0.009814934091,0.03952329681,-0.004101722337,0.0502105138
2022-08-06 00:00:00.000,-0.001766079414,0.04289755092,0.008205146729,0.03943050146,-0.003757568194,0.05004045003
2022-08-07 00:00:00.000,-0.001752638516,0.04278370861,0.008469356251,0.03935052464,-0.002669059313,0.04904070116
2022-08-08 00:00:00.000,-0.001588265369,0.04273048496,0.009717257842,0.03940515555,-0.00275654414,0.04897548429
2022-08-09 00:00:00.000,-0.001713914673,0.04265325116,0.009918210153,0.03920195077,-0.001838572297,0.04773537847
2022-08-10 00:00:00.000,-0.001447114208,0.04270177681,0.01313933544,0.03831349476,-0.0008133222902,0.04783738124
2022-08-11 00:00:00.000,-0.001397517144,0.04259600221,0.01471868602,0.03703441846,-0.0009441923131,0.04779616243
2022-08-12 00:00:00.000,-0.001280205792,0.0425169153,0.01370967907,0.03640099776,-0.0009636845508,0.04778659705
2022-08-13 00:00:00.000,-0.00122863984,0.04241330712,0.01213138881,0.03551425311,-0.001301022566,0.04760716957
2022-08-14 00:00:00.000,-0.001290848606,0.04231337918,0.01082930416,0.03571736963,-0.0008776645197,0.04732410862
2022-08-15 00:00:00.000,-0.001337036198,0.0422102773,0.007885585918,0.03357188643,-0.001340065815,0.04721007485
2022-08-16 00:00:00.000,-0.001366345844,0.04210502823,0.007983336134,0.03352202655,-0.0005448738713,0.04648950695
2022-08-17 00:00:00.000,-0.001419707116,0.04200531319,0.003663319411,0.02652764986,-0.001241544221,0.04618149651
2022-08-18 00:00:00.000,-0.001391763556,0.04190150284,0.00423562035,0.02634030142,-0.0007939884065,0.04603471961
2022-08-19 00:00:00.000,-0.00171714268,0.04205041554,0.002330172252,0.0292812927,-0.001749109503,0.04650524622
2022-08-20 00:00:00.000,-0.001770507588,0.04195253871,0.001170330322,0.02915191033,-0.002078311339,0.04647494982
2022-08-21 00:00:00.000,-0.001692961732,0.04186314928,0.002126504575,0.02908329866,-0.001699319585,0.04646509837
2022-08-22 00:00:00.000,-0.00168121415,0.04176024786,0.001955521672,0.02907583365,-0.001706362007,0.04646468098
2022-08-23 00:00:00.000,-0.00160715408,0.04167126211,0.001732177249,0.02895633431,-0.001383961992,0.04646845757
2022-08-24 00:00:00.000,-0.001594215187,0.04156991545,0.00360967371,0.02688509988,-0.0006207765959,0.04592916828
2022-08-25 00:00:00.000,-0.001541036911,0.04147595232,0.004040694707,0.02687055421,-0.00004315772473,0.04572207601
2022-08-26 00:00:00.000,-0.001764975932,0.04150150767,-0.0003590140685,0.02400140969,-0.001040813177,0.04578125779
2022-08-27 00:00:00.000,-0.001822906797,0.04141009406,-0.001898471641,0.02330468102,-0.001283970753,0.04579075292
2022-08-28 00:00:00.000,-0.001859950525,0.04131439574,-0.002259575103,0.02333842233,-0.002421088376,0.04468707366
2022-08-29 00:00:00.000,-0.001724471881,0.04126286575,-0.0009315658825,0.02382783866,-0.001877247247,0.04474121951
2022-08-30 00:00:00.000,-0.001731745138,0.04116510654,-0.0009372848668,0.02382839636,-0.001282138466,0.04435667459
2022-08-31 00:00:00.000,-0.001684518139,0.04107368785,-0.00001858184915,0.02362913785,-0.001253411207,0.04436211182
2022-09-01 00:00:00.000,-0.001624037522,0.04098670776,0.0002878688532,0.02371654409,-0.0007590162349,0.04424946031
2022-09-02 00:00:00.000,-0.001620360068,0.04089086784,0.0005222034356,0.02366790765,-0.0009544686501,0.04421005231
2022-09-03 00:00:00.000,-0.001662678848,0.04080040276,0.0002938840536,0.02374506735,-0.001084304428,0.04422163067
2022-09-04 00:00:00.000,-0.001630979196,0.04070852617,-0.001161218488,0.02193419939,-0.001336090444,0.0441192743
2022-09-05 00:00:00.000,-0.001567120534,0.04062556212,-0.0003203115516,0.02195074592,-0.0006542116113,0.04384649906
2022-09-06 00:00:00.000,-0.0016055142,0.04053625922,-0.0006786310098,0.02201989049,-0.0009519488052,0.04381747115
2022-09-07 00:00:00.000,-0.001490060059,0.04047984305,-0.0008680931007,0.02177455483,-0.0006357227443,0.043892999
2022-09-08 00:00:00.000,-0.001485963552,0.04038778453,-0.00003467474423,0.02126840808,0.000124275343,0.04328419834
2022-09-09 00:00:00.000,-0.001335602149,0.04035853521,-0.0006219249695,0.02006220596,0.001340909061,0.04260849523
2022-09-10 00:00:00.000,-0.001265276571,0.04028122719,-0.0004145288902,0.02018751639,0.002070660987,0.04225723775
2022-09-11 00:00:00.000,-0.001302624455,0.04019469595,-0.001447598476,0.01982448865,0.003779153691,0.03842695704
2022-09-12 00:00:00.000,-0.001348533326,0.04011078705,-0.002127840986,0.01981173291,0.003558968247,0.03845819235
2022-09-13 00:00:00.000,-0.001539663882,0.04012456432,-0.003165257019,0.02119038242,0.002860349357,0.03875675199
2022-09-14 00:00:00.000,-0.001433095802,0.04006787787,-0.002063887208,0.02165548945,0.00455269073,0.0361423629
2022-09-15 00:00:00.000,-0.001641952628,0.04010371634,-0.003460957405,0.02328492714,0.00381727633,0.03655449847
2022-09-16 00:00:00.000,-0.001706109735,0.04002744904,-0.003605913775,0.02335325924,0.004551468315,0.03545004349
2022-09-17 00:00:00.000,-0.001636250778,0.03995400665,-0.003266165589,0.02354363576,0.003272235918,0.0328745531
2022-09-18 00:00:00.000,-0.001810683619,0.03995510867,-0.002437407909,0.02158657903,0.002765305051,0.03321795296
2022-09-19 00:00:00.000,-0.001736684474,0.03988446117,-0.001508942172,0.02173747969,0.003021368553,0.03322528684
2022-09-20 00:00:00.000,-0.001819703949,0.03981858065,-0.002677326282,0.0218185828,0.003413130081,0.03272155269
2022-09-21 00:00:00.000,-0.001934165655,0.03977160177,-0.003654235884,0.02231250178,0.002200848066,0.03184274502
2022-09-22 00:00:00.000,-0.001792926813,0.03974554615,-0.003062373826,0.0230079158,0.001812553681,0.03126128216
2022-09-23 00:00:00.000,-0.001774581329,0.03966189232,-0.003013095506,0.02301862637,0.001726528573,0.03124837265
2022-09-24 00:00:00.000,-0.001798237422,0.03957944919,-0.003572920943,0.02290995101,0.001987045384,0.03107115435
2022-09-25 00:00:00.000,-0.001815922948,0.03949680235,-0.00216915559,0.02132138801,0.001976451098,0.03107374451
2022-09-26 00:00:00.000,-0.001746281123,0.03942844064,-0.001212455591,0.02142182118,0.002573357771,0.03079456969
2022-09-27 00:00:00.000,-0.001745652314,0.0393458691,-0.0009455648424,0.02136348964,0.002912941702,0.03057500071
2022-09-28 00:00:00.000,-0.001720066142,0.03926582204,-0.001689079111,0.02074646259,0.00348282293,0.03011117273
2022-09-29 00:00:00.000,-0.001729664381,0.03918455748,-0.001714960365,0.0207489823,0.003437902487,0.03011944131
2022-09-30 00:00:00.000,-0.001737055862,0.0391036836,-0.002110073692,0.02066383671,0.003398726995,0.03012625531
2022-10-01 00:00:00.000,-0.001753813114,0.03902401828,-0.002679545665,0.02051760709,0.003333995603,0.03013989591
2022-10-02 00:00:00.000,-0.001808765461,0.03895346656,-0.003159004114,0.02064066987,0.003164916288,0.03020142904
2022-10-03 00:00:00.000,-0.001721440148,0.03889800926,-0.002144521502,0.0209989522,0.002520479388,0.02919577435
2022-10-04 00:00:00.000,-0.001641384923,0.03883925176,-0.001716653018,0.02128295401,0.002312354195,0.0290149868
2022-10-05 00:00:00.000,-0.001650297168,0.03876080415,-0.002254714039,0.02112005129,0.001876707046,0.02880686792
2022-10-06 00:00:00.000,-0.001645579548,0.03868265007,-0.00193805659,0.02107146258,0.00195088955,0.02879194875
2022-10-07 00:00:00.000,-0.001670585564,0.03860692055,-0.002994439263,0.02052421786,0.001951575159,0.02879171085
2022-10-08 00:00:00.000,-0.001689495169,0.03853079402,-0.003188844749,0.02052822679,0.002231563553,0.02858338411
2022-10-09 00:00:00.000,-0.001675298986,0.03845462319,-0.004189055583,0.0194632909,0.002776118297,0.02809524995
2022-10-10 00:00:00.000,-0.00171324153,0.03838299344,-0.005043114388,0.01918198725,0.003087014247,0.02777793422
2022-10-11 00:00:00.000,-0.001732056282,0.0383082362,-0.004938480587,0.01916465068,0.002441200003,0.02730833302
2022-10-12 00:00:00.000,-0.001696886594,0.03823687658,-0.004309536103,0.01924683805,0.001898003907,0.02670814335
2022-10-13 00:00:00.000,-0.001702851407,0.038161948,-0.002932197427,0.01768326118,0.001577283238,0.02659288684
2022-10-14 00:00:00.000,-0.001680848298,0.03808897337,-0.00355550885,0.01706928594,0.0007553966202,0.02531942737
2022-10-15 00:00:00.000,-0.001726385719,0.03802183421,-0.002368077212,0.01489582127,0.0007181005057,0.02533802224
2022-10-16 00:00:00.000,-0.001647786323,0.03796915341,-0.001202584279,0.01513142227,-0.0003817262145,0.02215533078
2022-10-17 00:00:00.000,-0.00159732595,0.0379045168,-0.001298902273,0.01503784145,-0.0001098158374,0.0221488975
2022-10-18 00:00:00.000,-0.001634433558,0.03783630285,-0.000277308086,0.01309832713,-0.0001281812475,0.02215756332
2022-10-19 00:00:00.000,-0.001670089219,0.03776815984,-0.001155085916,0.01289524849,-0.0004978992551,0.02205652937
2022-10-20 00:00:00.000,-0.001668519087,0.0376960229,-0.0004943166661,0.0123347511,-0.0003483794579,0.02200462729
2022-10-21 00:00:00.000,-0.001623567278,0.03763137778,0.0007991000591,0.01127439983,-0.0002998713843,0.02202321117
2022-10-22 00:00:00.000,-0.001595499328,0.03756281765,-0.00004898403211,0.009759426072,-0.0004597268698,0.02192472422
2022-10-23 00:00:00.000,-0.001490942988,0.03753063805,0.0007403452935,0.01087014893,0.000445641166,0.02130985298
2022-10-24 00:00:00.000,-0.001525612096,0.03746430856,0.000628127973,0.01097376418,0.0003653005792,0.02133857108
2022-10-25 00:00:00.000,-0.001323776927,0.03753978177,0.002580581503,0.01442155216,0.0000174706151,0.02018611175
2022-10-26 00:00:00.000,-0.001129327089,0.03760515874,0.003785740053,0.01679561429,0.0002249376069,0.02061318176
2022-10-27 00:00:00.000,-0.001204430254,0.03755547683,0.003125346229,0.01739335041,-0.00002659790533,0.02073850905
2022-10-28 00:00:00.000,-0.001139813158,0.03750095478,0.00352155248,0.01755846805,0.0003003024954,0.02076175948
2022-10-29 00:00:00.000,-0.00104732175,0.0374627695,0.004456908807,0.01788596603,0.0006015545249,0.02090812858
2022-10-30 00:00:00.000,-0.001085194233,0.0373990761,0.004194884958,0.01806363875,0.0006887431393,0.02084073813
2022-10-31 00:00:00.000,-0.001108899558,0.03733257901,0.00413639736,0.01810000728,0.000581573516,0.02085837447
2022-11-01 00:00:00.000,-0.001086731599,0.03726620481,0.00480987828,0.01772710278,0.0007243592006,0.02084389448
2022-11-02 00:00:00.000,-0.001173926116,0.03722658115,0.003315688941,0.01831063006,0.0004883504974,0.02101651265
2022-11-03 00:00:00.000,-0.001152425293,0.0371608035,0.002873342329,0.01810144844,-0.000001509725817,0.02038033776
2022-11-04 00:00:00.000,-0.001028420533,0.03715124335,0.004112426312,0.01888073207,0.0005124669071,0.02063218751
2022-11-05 00:00:00.000,-0.001041246261,0.03708498316,0.003974720022,0.0189303489,0.0004526774739,0.02063921597
2022-11-06 00:00:00.000,-0.00108474368,0.03702561771,0.003797272022,0.01906990518,-0.00002175344735,0.02045444057
2022-11-07 00:00:00.000,-0.001096737947,0.03695998828,0.003862664146,0.01903700741,0.0002130482176,0.02027820136
2022-11-08 00:00:00.000,-0.001294857798,0.03704386987,0.001900848183,0.02204278934,-0.0009700441233,0.02047482747
2022-11-09 00:00:00.000,-0.0015003563,0.0371393747,0.0002949758002,0.02463788222,-0.001720889159,0.02135757771
2022-11-10 00:00:00.000,-0.001263845409,0.03728733574,0.002700339979,0.02732803392,-0.001228579694,0.02238172042
2022-11-11 00:00:00.000,-0.001230373966,0.03722592,0.002734983373,0.02733464022,-0.001234131238,0.02237927305
2022-11-12 00:00:00.000,-0.001295572974,0.0371769086,0.002179869656,0.02762735805,-0.001305861597,0.02242906589
2022-11-13 00:00:00.000,-0.001325878838,0.03711540826,0.0017150262,0.02771369713,-0.001301456619,0.02242730065
2022-11-14 00:00:00.000,-0.001298912391,0.03705351701,0.002377358235,0.02757637275,-0.001150558794,0.02243326052
2022-11-15 00:00:00.000,-0.001284701602,0.03698992095,0.001849929822,0.02740557297,-0.0009861894106,0.02240716257
2022-11-16 00:00:00.000,-0.001313508934,0.03692912764,0.00114623854,0.02742101576,-0.001139609774,0.02241873637
2022-11-17 00:00:00.000,-0.001324767093,0.03686590199,0.001369331147,0.02734352778,-0.0004484616158,0.02130303677
2022-11-18 00:00:00.000,-0.001314583223,0.03680291543,0.001790169137,0.02724394226,-0.0002912863169,0.02126529492
2022-11-19 00:00:00.000,-0.001291682077,0.03674193393,0.002011922377,0.02724535774,-0.0003865735236,0.02121983299
2022-11-20 00:00:00.000,-0.001373194321,0.03670579943,0.0008300877017,0.02764404575,-0.000675016041,0.02138067564
2022-11-21 00:00:00.000,-0.001396862825,0.03664557632,0.0003577596222,0.02767697995,-0.0009178660786,0.02134194085
2022-11-22 00:00:00.000,-0.001367882605,0.03658680996,-0.0002767472065,0.02727904972,-0.0008498324729,0.02135806446
2022-11-23 00:00:00.000,-0.001320757825,0.03653398342,0.0005024451859,0.02730348863,-0.000814115928,0.02137809909
2022-11-24 00:00:00.000,-0.001286158691,0.0364773167,-0.0009501024463,0.02554039153,-0.0001795588441,0.02079786464
2022-11-25 00:00:00.000,-0.001285621896,0.0364160629,-0.002687065335,0.02358366254,-0.00003792695766,0.02074690902
2022-11-26 00:00:00.000,-0.001274576621,0.03635561883,-0.001905893928,0.02332895705,0.0000912958198,0.02072287415
2022-11-27 00:00:00.000,-0.00127137567,0.03629501804,-0.002459823698,0.02307753259,-0.0002091167764,0.02052747364
2022-11-28 00:00:00.000,-0.001302513894,0.03623871748,-0.003616256002,0.02256859782,-0.0002914358534,0.02055470881
2022-11-29 00:00:00.000,-0.001246433171,0.0361918375,-0.002713707506,0.02278749004,-0.0002096320796,0.02060398762
2022-11-30 00:00:00.000,-0.001149441345,0.036171619,-0.001519722999,0.02345240474,-0.00002095710133,0.02078711638
2022-12-01 00:00:00.000,-0.001174511943,0.03611473138,-0.001979165101,0.02345554369,-0.0001094303114,0.02080754802
2022-12-02 00:00:00.000,-0.001159150025,0.03605647969,-0.001023209982,0.02305959865,0.00004931915226,0.02077985202
2022-12-03 00:00:00.000,-0.001196719844,0.03600353402,-0.001605706197,0.0231285138,-0.0001496722954,0.02081553796
2022-12-04 00:00:00.000,-0.00115728044,0.03595151204,-0.002351382241,0.02230975428,-0.0001645566559,0.02080701995
2022-12-05 00:00:00.000,-0.001176507179,0.03589469293,-0.002434433717,0.02232307354,-0.0001325900951,0.02079398388
2022-12-06 00:00:00.000,-0.001155762833,0.03583842503,-0.001818608261,0.02227002586,-0.0003385918341,0.02064558801
2022-12-07 00:00:00.000,-0.001192057627,0.03578629892,-0.002084885295,0.02235024976,-0.0004703552992,0.02068498109
2022-12-08 00:00:00.000,-0.001136577986,0.03574215506,0.0003512522484,0.02002392346,-0.0006456517173,0.02047339103
2022-12-09 00:00:00.000,-0.001151326733,0.03568578397,0.002141185524,0.01660142454,-0.0008689843546,0.02041756036
2022-12-10 00:00:00.000,-0.00114537729,0.03562888829,-0.00002387909582,0.01147450783,-0.0007540065679,0.02039678898
2022-12-11 00:00:00.000,-0.001143849043,0.03557211949,-0.000321862278,0.01136712064,-0.0006321383358,0.0203638033
2022-12-12 00:00:00.000,-0.001135298815,0.03551593616,0.0003926481597,0.01075260189,-0.0001198932037,0.01981936557
2022-12-13 00:00:00.000,-0.001080281496,0.0354732228,0.00126926641,0.01094692703,-0.0001904054133,0.01974860385
2022-12-14 00:00:00.000,-0.001086157186,0.03541738214,0.0009562927825,0.01092818722,0.0003218579353,0.01905260197
2022-12-15 00:00:00.000,-0.001127256738,0.03536926884,0.000389462122,0.01126466085,0.0003456025551,0.01903293268
2022-12-16 00:00:00.000,-0.001212010778,0.03534631853,-0.0002308619356,0.01230070084,-0.0001278418896,0.01920951395
2022-12-17 00:00:00.000,-0.001189341724,0.03529338372,0.0001242843605,0.01232429901,0.0004054358072,0.01869530864
2022-12-18 00:00:00.000,-0.001180132755,0.03523875418,0.0001285184748,0.01232486268,0.0002545338986,0.01862795783
2022-12-19 00:00:00.000,-0.001200681042,0.03518593112,-0.0003119042577,0.01236616646,0.0004019004845,0.0185093658
2022-12-20 00:00:00.000,-0.001143278719,0.03514661244,0.001109894186,0.01184017401,0.0009130273158,0.01833370927
2022-12-21 00:00:00.000,-0.001145601422,0.03509235691,0.001325135711,0.01172025737,0.0005446371003,0.0180480165
2022-12-22 00:00:00.000,-0.00113958732,0.03503849534,0.00111292616,0.01166808698,0.0005255080824,0.01804679382
2022-12-23 00:00:00.000,-0.001132530596,0.03498494677,0.0007309189724,0.01146389761,0.0006204973771,0.01802719821
2022-12-24 00:00:00.000,-0.001129813358,0.03493144667,0.0004232169487,0.01135797364,0.0006845653353,0.01801361944
2022-12-25 00:00:00.000,-0.00112774646,0.03487817701,0.000445745379,0.01135546553,0.000514806699,0.01795071162
2022-12-26 00:00:00.000,-0.001127547534,0.03482513051,0.0003427433437,0.01135463332,0.0005207318818,0.01795009526
2022-12-27 00:00:00.000,-0.001126404977,0.03477233134,0.0003281343096,0.01135578544,0.0004632876973,0.01794574656
2022-12-28 00:00:00.000,-0.001147044461,0.03472180208,0.0004180145002,0.01127608364,0.0004195557683,0.01796163953
2022-12-29 00:00:00.000,-0.001128384546,0.03467114292,0.00006390656429,0.01094180296,0.0005150280057,0.01796326898
2022-12-30 00:00:00.000,-0.00112886806,0.03461904614,-0.0009203921109,0.009560867473,0.0005654274168,0.01795163808
2022-12-31 00:00:00.000,-0.001126937447,0.03456720043,-0.0006432633983,0.009444499788,0.0007291499271,0.01787310202
2023-01-01 00:00:00.000,-0.001119224741,0.03451585857,-0.0007119868472,0.009420584773,0.0005268307039,0.01775894442
2023-01-02 00:00:00.000,-0.00110323387,0.03446570757,-0.0001465607334,0.009182731913,0.0003736917995,0.01766529937
2023-01-03 00:00:00.000,-0.001098666587,0.03441463595,-0.0004968977011,0.008942092673,0.0004213821233,0.017659557
2023-01-04 00:00:00.000,-0.001057101858,0.03437220953,0.0001727729522,0.009179777469,0.0005710197524,0.01770885985
2023-01-05 00:00:00.000,-0.001058625965,0.03432148712,-0.00005487833033,0.009133985057,0.0006412618102,0.01768741846
2023-01-06 00:00:00.000,-0.001036424754,0.03427342927,0.0005769693552,0.00890007948,0.000784916069,0.01768195145
2023-01-07 00:00:00.000,-0.001039387255,0.03422318193,-0.00002860365637,0.008410825201,0.0007411655917,0.01768406277
2023-01-08 00:00:00.000,-0.001017343388,0.03417555,0.0003805495068,0.008421305519,0.0009389036102,0.01764765424
2023-01-09 00:00:00.000,-0.0009794157739,0.03413294462,0.0007576480946,0.008686013447,0.001144702993,0.01766800809
2023-01-10 00:00:00.000,-0.0009614529736,0.03408492967,0.0009537057589,0.00871913549,0.001122275618,0.01766146867
2023-01-11 00:00:00.000,-0.0009422473584,0.03403737019,0.00109122799,0.00876142912,0.001221248602,0.01766179816
2023-01-12 00:00:00.000,-0.0008792971951,0.03400837022,0.001244436921,0.009071351191,0.00140957651,0.01778120554
2023-01-13 00:00:00.000,-0.0008478935468,0.03396438409,0.001677701027,0.009173992422,0.001670450682,0.01773321724
2023-01-14 00:00:00.000,-0.0007602141302,0.03395508067,0.003142672267,0.0100215167,0.001794021404,0.01789077933
2023-01-15 00:00:00.000,-0.0007572233801,0.03390644569,0.004093842196,0.008111507415,0.0016697396,0.01786162148
2023-01-16 00:00:00.000,-0.000727297048,0.03386261514,0.004216580984,0.008170005823,0.001903398831,0.01782779939
2023-01-17 00:00:00.000,-0.0007262401973,0.0338143492,0.004145539918,0.008201166278,0.002021409177,0.01777666446
2023-01-18 00:00:00.000,-0.0007674018654,0.03377513833,0.003897570597,0.00867416686,0.001865862906,0.01786669278
2023-01-19 00:00:00.000,-0.0007461096843,0.03372964339,0.003543315885,0.008313319922,0.001827765924,0.01785237477
2023-01-20 00:00:00.000,-0.0006562294751,0.03372451458,0.004645299946,0.009650698158,0.002109398426,0.01811398872
2023-01-21 00:00:00.000,-0.0006716619947,0.03367824055,0.004413126536,0.00982817531,0.001749768496,0.01795055806
2023-01-22 00:00:00.000,-0.0006718921657,0.03363090667,0.004349066728,0.009856279516,0.001860810295,0.0179032292
2023-01-23 00:00:00.000,-0.0006671758999,0.03358389008,0.004390993641,0.0098387393,0.001288036048,0.01706791733
2023-01-24 00:00:00.000,-0.0007202388567,0.03355201939,0.003748761198,0.01075206534,0.0005024804143,0.01636760967
2023-01-25 00:00:00.000,-0.000688013423,0.03351083551,0.004146861794,0.01078883379,0.00086123707,0.01623530436
2023-01-26 00:00:00.000,-0.000678794302,0.03346471875,0.004259843482,0.01075348142,0.0007093846979,0.01615292025
2023-01-27 00:00:00.000,-0.0006829632757,0.03341843071,0.004452868507,0.01057674366,0.0004182090016,0.01596311678
2023-01-28 00:00:00.000,-0.0007025646646,0.03337433028,0.004024036022,0.0108092462,0.0004580783603,0.01593776298
2023-01-29 00:00:00.000,-0.0006326470134,0.03335501284,0.004891947311,0.01139718482,0.0008172774003,0.01611783771
2023-01-30 00:00:00.000,-0.00069673105,0.03333165726,0.004107240378,0.01253370362,0.000494937293,0.01632229903
2023-01-31 00:00:00.000,-0.000680576321,0.0332874009,0.004232285983,0.01252513913,0.0008323630515,0.01609850514
2023-02-01 00:00:00.000,-0.0006283306913,0.0332569596,0.004706415014,0.01279295746,0.0009847160278,0.0162008591
2023-02-02 00:00:00.000,-0.0006294407781,0.03321162631,0.004657170006,0.01281277292,0.0006029633546,0.01583091103
2023-02-03 00:00:00.000,-0.0006098791152,0.03316859973,0.004443737875,0.01272215868,0.0007273590367,0.01583350001
2023-02-04 00:00:00.000,-0.0005947262333,0.03312490771,0.004662804058,0.01267142262,0.0009297724889,0.01576950251
2023-02-05 00:00:00.000,-0.0006324912383,0.0330881106,0.003958886394,0.01314293872,0.0008169901515,0.01584456653
2023-02-06 00:00:00.000,-0.000640601961,0.03304385766,0.003905550394,0.01317137876,0.001409399662,0.01460833436
2023-02-07 00:00:00.000,-0.0005955429617,0.03301088654,0.004227041913,0.01335387734,0.002249592314,0.01317264845
2023-02-08 00:00:00.000,-0.000610408987,0.0329678599,0.003620868836,0.01340013548,0.001451545945,0.0113347923
2023-02-09 00:00:00.000,-0.0006871933811,0.0329573153,0.002466791932,0.01468698368,0.001032878471,0.01176753106
2023-02-10 00:00:00.000,-0.0007095505653,0.03291619785,0.001974219115,0.01482254824,0.001152698421,0.01160601947
2023-02-11 00:00:00.000,-0.0006875720983,0.03287516702,0.001530048189,0.01443027798,0.001347917173,0.01156412062
2023-02-12 00:00:00.000,-0.0007061030951,0.03283351381,0.0009386661448,0.01443264833,0.001190886652,0.0115901173
2023-02-13 00:00:00.000,-0.0007237002847,0.03279184402,-0.0002989225478,0.01343399356,0.00107773728,0.01162381201
2023-02-14 00:00:00.000,-0.000666950796,0.03276723378,0.0003862293521,0.01397802255,0.001416403204,0.0117513953
2023-02-15 00:00:00.000,-0.0005687938827,0.03278013051,0.001285693151,0.01539727358,0.001875519498,0.01230809842
2023-02-16 00:00:00.000,-0.0005907329899,0.0327398918,0.0009992182442,0.01550840704,0.001757758879,0.01236087923
2023-02-17 00:00:00.000,-0.0005445826685,0.03270948221,0.002077256548,0.01546347202,0.001887640963,0.01246054322
2023-02-18 00:00:00.000,-0.0005487004546,0.03266685228,0.001780728455,0.01545567169,0.002144646176,0.0121285103
2023-02-19 00:00:00.000,-0.0005499238236,0.03262429842,0.000708026386,0.01442884534,0.002226154014,0.01208171241
2023-02-20 00:00:00.000,-0.000539412853,0.03258255608,0.001029943629,0.01437820125,0.002185332108,0.01207098389
2023-02-21 00:00:00.000,-0.000573494963,0.03254722996,0.0005974317499,0.01462671814,0.001892472483,0.01213434629
2023-02-22 00:00:00.000,-0.0005803081739,0.03250542912,0.0004563133574,0.01464294887,0.001756841316,0.01212233962
2023-02-23 00:00:00.000,-0.0005737789349,0.03246376907,0.001178858129,0.0141393394,0.001791121569,0.0121184584
2023-02-24 00:00:00.000,-0.0006008489686,0.032426422,0.0004451244837,0.01418955494,0.001644909874,0.01219471221
2023-02-25 00:00:00.000,-0.000612606227,0.03238565746,0.0001838569421,0.01421987325,0.001590611578,0.01221438312
2023-02-26 00:00:00.000,-0.0005756032064,0.03235251324,0.0007198749628,0.01442892582,0.00186358599,0.01221170771
2023-02-27 00:00:00.000,-0.000576635859,0.03231122741,0.0009471026882,0.01434357941,0.001678348425,0.01212576162
2023-02-28 00:00:00.000,-0.0005928742408,0.03227170248,-0.0001102979335,0.01368256208,0.001287085755,0.01182344694
2023-03-01 00:00:00.000,-0.000555958428,0.03223907212,0.00115677514,0.01314108111,0.001540250707,0.01184902966
2023-03-02 00:00:00.000,-0.0005615459833,0.0321984293,0.0008906241371,0.01313689145,0.001470307758,0.01185575188
2023-03-03 00:00:00.000,-0.000615570525,0.03217575992,-0.0004594711581,0.01334504842,0.001366794374,0.01202033077
2023-03-04 00:00:00.000,-0.0006172322973,0.03213522784,-0.0004674749326,0.01334547864,0.001230932457,0.01197982472
2023-03-05 00:00:00.000,-0.0006197435965,0.03209487076,-0.000741076716,0.01327980296,0.00129181137,0.01195090844
2023-03-06 00:00:00.000,-0.0006110720096,0.03205509557,-0.0008126699178,0.01325356686,0.00126508527,0.01194463553
2023-03-07 00:00:00.000,-0.0006208842262,0.03201560459,-0.0004773441773,0.01301772451,0.001352837191,0.01187158043
2023-03-08 00:00:00.000,-0.0006347059073,0.03197686082,-0.0005615948423,0.01304710972,0.001105117298,0.01179237242
2023-03-09 00:00:00.000,-0.0007091451401,0.03197200572,-0.002121598891,0.01375660751,0.0008286641762,0.01223817316
2023-03-10 00:00:00.000,-0.0007183915852,0.03193285442,-0.002064574642,0.01374284854,0.000771314096,0.0122507906
2023-03-11 00:00:00.000,-0.0007463488955,0.03189827137,-0.001485792824,0.01289094513,0.0006449016221,0.01232424586
2023-03-12 00:00:00.000,-0.0005836425366,0.03202710657,0.0009944047561,0.01765444355,0.001353283953,0.01408395353
2023-03-13 00:00:00.000,-0.0005113677343,0.03202085472,0.001702933773,0.01834089339,0.001492472961,0.01429371956
2023-03-14 00:00:00.000,-0.0004836018733,0.0319864101,0.002319913521,0.01832526116,0.001645426898,0.01431929083
2023-03-15 00:00:00.000,-0.0005147468789,0.03195339564,0.002125031148,0.01846249669,0.001656260289,0.01430753449
2023-03-16 00:00:00.000,-0.0004972932507,0.03191626562,0.001651702323,0.01814542142,0.002043924624,0.01395652165
2023-03-17 00:00:00.000,-0.0004129281774,0.03192316998,0.00156656628,0.01798040046,0.002356280138,0.01435637539
2023-03-18 00:00:00.000,-0.0004188228178,0.03188453485,0.001770166706,0.01789157817,0.002304974956,0.01436671958
2023-03-19 00:00:00.000,-0.0003940447187,0.03184979738,0.001527823108,0.01772545335,0.002500883418,0.01434734225
2023-03-20 00:00:00.000,-0.0004278015235,0.03181862909,0.001119704796,0.01795197983,0.002147916379,0.01436748537
2023-03-21 00:00:00.000,-0.0003968081765,0.03178644884,0.001568175962,0.01806439264,0.002307167431,0.0144015261
2023-03-22 00:00:00.000,-0.0004405183993,0.03176064367,0.0008319235722,0.01842906568,0.002091664579,0.0145682548
2023-03-23 00:00:00.000,-0.0003793343263,0.0317470419,0.002125337886,0.01873104669,0.002357278788,0.01476778313
2023-03-24 00:00:00.000,-0.0004081281177,0.03171441723,0.001818733942,0.01889606389,0.002222013647,0.0148473905
2023-03-25 00:00:00.000,-0.0004174772156,0.03167703668,0.001609235078,0.01892925991,0.002178951468,0.01486084083
2023-03-26 00:00:00.000,-0.0004065862745,0.03164000061,0.00211882875,0.01877964113,0.002236938342,0.01485823384
2023-03-27 00:00:00.000,-0.0004500361567,0.03161488406,0.00166879376,0.01911971643,0.002037498061,0.01501837382
2023-03-28 00:00:00.000,-0.0004049689232,0.03159088299,0.001824652378,0.01924146745,0.002332465282,0.01508001198
2023-03-29 00:00:00.000,-0.0003892608775,0.03155508469,0.002065351381,0.0192503175,0.002345496697,0.0150829078
2023-03-30 00:00:00.000,-0.0003933330725,0.031517875,0.002227307604,0.01919199075,0.002336318994,0.01508539582
2023-03-31 00:00:00.000,-0.0003653786204,0.03148596025,0.002143922179,0.01914450259,0.002469312566,0.01511300544
2023-04-01 00:00:00.000,-0.0003669873745,0.03144891365,0.002201186261,0.01913186682,0.002441365461,0.01511720938
2023-04-02 00:00:00.000,-0.0003872076285,0.03141475889,0.002634794703,0.01870692633,0.002293912853,0.01516382473
2023-04-03 00:00:00.000,-0.000373002852,0.03137932799,0.002867107788,0.01869994652,0.00235226762,0.01516671735
2023-04-04 00:00:00.000,-0.000338066103,0.03135100062,0.00340824456,0.01880026553,0.002370301906,0.01518046936
2023-04-05 00:00:00.000,-0.0003038886354,0.03132245863,0.003791889688,0.01890559456,0.002547341276,0.01522677786
2023-04-06 00:00:00.000,-0.0003286162078,0.03129022741,0.003578032973,0.01903897702,0.00235319173,0.01528693765
2023-04-07 00:00:00.000,-0.0003306242177,0.03125393463,0.003744070423,0.01897257297,0.002362675325,0.01528444013
2023-04-08 00:00:00.000,-0.0003376228574,0.03121807982,0.004653159807,0.01789110181,0.00225286761,0.01528972422
2023-04-09 00:00:00.000,-0.000332535809,0.03118219048,0.004863655311,0.01781736739,0.002139983168,0.01525419316
2023-04-10 00:00:00.000,-0.0002993384774,0.03115394054,0.005735302167,0.01760015526,0.002238767091,0.01530305697
2023-04-11 00:00:00.000,-0.0003123319579,0.03111929354,0.003359404541,0.01364741049,0.002109342804,0.01532283845
2023-04-12 00:00:00.000,-0.0002888015283,0.03108747761,0.00273068,0.01284427481,0.001987887321,0.01521515383
2023-04-13 00:00:00.000,-0.0002347635902,0.03107247583,0.00314943706,0.01331323206,0.002136005575,0.01535872054
2023-04-14 00:00:00.000,-0.0001702659128,0.03106639081,0.004526157924,0.0136920054,0.002117422175,0.01532590742
2023-04-15 00:00:00.000,-0.0001749215695,0.03103114117,0.00423082474,0.01374027928,0.002089585472,0.01533154441
2023-04-16 00:00:00.000,-0.0001588583488,0.03099769396,0.003321898303,0.01254054445,0.002058052578,0.0153185313
2023-04-17 00:00:00.000,-0.0001846526917,0.0309672779,0.003031283706,0.01278690145,0.001933556219,0.01538375759
2023-04-18 00:00:00.000,-0.0001735923663,0.03093310319,0.002861301685,0.01272737544,0.002155460447,0.01527668173
2023-04-19 00:00:00.000,-0.0002606530362,0.03095258066,0.002045996088,0.01452560292,0.00164880978,0.01586666496
2023-04-20 00:00:00.000,-0.0002619929838,0.03091771742,0.001602950515,0.01439997563,0.001293050954,0.01555336631
2023-04-21 00:00:00.000,-0.0003193583568,0.03090671189,0.001360727565,0.01480656247,0.001074198255,0.01579596306
2023-04-22 00:00:00.000,-0.0003000582966,0.03087474023,0.0008018785168,0.0141840163,0.001174882718,0.01581305052
2023-04-23 00:00:00.000,-0.0003073818194,0.03084057494,0.001096349936,0.01399054098,0.001123799079,0.01582099192
2023-04-24 00:00:00.000,-0.00032412343,0.03080817791,0.0009797177766,0.01405174865,0.001255936994,0.01569412882
2023-04-25 00:00:00.000,-0.0003056516469,0.03077634584,0.00110743314,0.01409895254,0.001223795458,0.01567714838
2023-04-26 00:00:00.000,-0.0003035615642,0.03074216292,0.001751965216,0.01359525505,0.00120153864,0.01567653697
2023-04-27 00:00:00.000,-0.0002768266444,0.03071332168,0.001525708077,0.01336019008,0.001356745139,0.0157117109
2023-04-28 00:00:00.000,-0.0002865624297,0.03068002773,0.001161485684,0.01337618218,0.001391313251,0.01569475552
2023-04-29 00:00:00.000,-0.0002764779506,0.03064689913,0.001375074439,0.01337320324,0.001164028037,0.01549962309
2023-04-30 00:00:00.000,-0.0002873123863,0.03061400076,0.0008186259304,0.01328494157,0.00137310775,0.01528142458
2023-05-01 00:00:00.000,-0.0003232216498,0.03058995302,0.00029825164,0.01366111078,0.00113002068,0.01539320949
2023-05-02 00:00:00.000,-0.0002906116665,0.03056434412,0.001084270859,0.01378541979,0.001086531468,0.01534906816
2023-05-03 00:00:00.000,-0.0002721298099,0.03053344755,0.001166992257,0.01382142398,0.001188875038,0.01536545024
2023-05-04 00:00:00.000,-0.0002899611142,0.03050248825,0.000397940225,0.01368859082,0.00102170269,0.01538786951
2023-05-05 00:00:00.000,-0.0002118224775,0.03051529728,0.001107792452,0.01493308951,0.001362337407,0.01581037229
2023-05-06 00:00:00.000,-0.0002683158213,0.03050623439,0.0005979997312,0.01560524912,0.001232896176,0.01598924877
2023-05-07 00:00:00.000,-0.000260297112,0.03047361683,0.000752413211,0.01560980273,0.001311629597,0.0159823809
2023-05-08 00:00:00.000,-0.0003006696695,0.030453012,0.0002326880092,0.01600601556,0.0009214163084,0.016044225
2023-05-09 00:00:00.000,-0.0003018095146,0.03042011751,0.0001426975432,0.01600408095,0.0009805927374,0.01602764318
2023-05-10 00:00:00.000,-0.0003029059846,0.03038732873,-0.0003546348393,0.01578545827,0.001298291501,0.01569858891
2023-05-11 00:00:00.000,-0.0003336522483,0.03036189204,-0.0006435071352,0.01596987591,0.001236767387,0.01575053718
2023-05-12 00:00:00.000,-0.0003220361477,0.03033033622,-0.0008061537705,0.01588265858,0.001209153334,0.01574147368
2023-05-13 00:00:00.000,-0.0003232107773,0.03029785588,-0.001614539709,0.01521222855,0.001284936957,0.01571453313
2023-05-14 00:00:00.000,-0.0003249877581,0.03026549353,-0.002589084094,0.01414324958,0.001354034993,0.01568967758
2023-05-15 00:00:00.000,-0.0003105712664,0.03023482577,-0.002300100154,0.01423932159,0.001194142303,0.01556165782
2023-05-16 00:00:00.000,-0.0003104715756,0.03020264401,-0.00253918601,0.01413922855,0.0007830928579,0.01509399925
2023-05-17 00:00:00.000,-0.0003095293566,0.03017057166,-0.002149378886,0.01404282884,0.0008840238422,0.01505851677
2023-05-18 00:00:00.000,-0.0003169575216,0.03013902735,-0.002433982982,0.01398531339,0.0006517139369,0.01496677126
2023-05-19 00:00:00.000,-0.0003142221198,0.03010720995,-0.001107044557,0.01218584174,0.0006862187755,0.01496387532
2023-05-20 00:00:00.000,-0.0003097115839,0.03007559519,-0.001017537484,0.01219759822,0.0007178629973,0.01496323858
2023-05-21 00:00:00.000,-0.0003161354816,0.03004424689,-0.0002682220702,0.01127529957,0.0006414763556,0.01496638601
2023-05-22 00:00:00.000,-0.000307711797,0.03001323509,-0.000421748953,0.01118549964,0.0008351558166,0.0148909239
2023-05-23 00:00:00.000,-0.0002867750999,0.02998525224,0.0000209519119,0.01131818295,0.0009786785967,0.01491366075
2023-05-24 00:00:00.000,-0.0003181152207,0.02996172279,-0.0002281923553,0.01157616015,0.0007869201664,0.01501153823
2023-05-25 00:00:00.000,-0.0003099811384,0.0299309617,-0.0003749235116,0.01149604475,0.0009504461259,0.0149603256
2023-05-26 00:00:00.000,-0.0002990540519,0.02990072775,-0.0002312911162,0.0115359724,0.001063155953,0.01495169283
2023-05-27 00:00:00.000,-0.0002963700222,0.02986968787,-0.0005908235815,0.01131465342,0.0009198456244,0.01488902385
2023-05-28 00:00:00.000,-0.0002462451311,0.02985901471,0.0003625460775,0.01213296581,0.001196461047,0.01508329584
2023-05-29 00:00:00.000,-0.0002565582678,0.02982895165,0.00004489293151,0.01215128029,0.001215758325,0.01507383256
2023-05-30 00:00:00.000,-0.0002540856969,0.02979817044,0.0002498524257,0.01211144664,0.001070800178,0.01501222314
2023-05-31 00:00:00.000,-0.0002698202349,0.02976945578,0.0005418812725,0.01179099243,0.001013773058,0.01503670029
2023-06-01 00:00:00.000,-0.0002701364218,0.02973881382,0.00004176980589,0.01148938174,0.001253611789,0.0148361606
2023-06-02 00:00:00.000,-0.0002455068901,0.02971324729,0.0001609363519,0.01159469471,0.001398345466,0.01487468384
2023-06-03 00:00:00.000,-0.0002540532371,0.02968338941,0.0002953372827,0.0115144492,0.001367174023,0.01488401517
2023-06-04 00:00:00.000,-0.0002465359371,0.02965348965,-0.0007788089848,0.009413637842,0.001373624385,0.01488479029
2023-06-05 00:00:00.000,-0.0002994705109,0.02964642836,-0.0007782142413,0.009411973181,0.001132606154,0.01515488329
2023-06-06 00:00:00.000,-0.0002522742986,0.0296347194,-0.0001287229729,0.01033942952,0.00145592022,0.01530681321
2023-06-07 00:00:00.000,-0.000285516182,0.02961378694,-0.00005164735861,0.01020197082,0.001611400153,0.01504604544
2023-06-08 00:00:00.000,-0.0002732541173,0.02958499277,0.0001684026941,0.010255667,0.001724918516,0.01503837933
2023-06-09 00:00:00.000,-0.000279113769,0.02955532081,0.00008966557262,0.01027250453,0.0018234443,0.01497609488
2023-06-10 00:00:00.000,-0.0003273006292,0.02954494891,-0.0002286388124,0.01087465459,0.0008290861979,0.01362316011
2023-06-11 00:00:00.000,-0.0003254571882,0.02951517928,-0.0003787113855,0.01082968254,0.0005152716146,0.01329212564
2023-06-12 00:00:00.000,-0.0003319212385,0.02948582385,-0.0004678044333,0.01084486216,0.0003556976394,0.01325321096
2023-06-13 00:00:00.000,-0.0003345868756,0.02945626492,-0.0004846530789,0.01084636174,0.0004841402504,0.01317593639
2023-06-14 00:00:00.000,-0.0003850901883,0.02944839579,-0.001552553298,0.01168470977,0.0001260570961,0.01344196288
2023-06-15 00:00:00.000,-0.0003782261489,0.02941933383,-0.001441972949,0.0117129917,-0.0002197535521,0.01294736351
2023-06-16 00:00:00.000,-0.0003415912923,0.0294014184,-0.0008460324142,0.01223895369,0.00001195746865,0.01308578182
2023-06-17 00:00:00.000,-0.0003335793324,0.02937266916,-0.0005956498816,0.01225277667,-0.00005611039291,0.01305010353
2023-06-18 00:00:00.000,-0.0003386225148,0.02934367557,-0.0007241487555,0.01225590035,0.00007160092512,0.01296441715
2023-06-19 00:00:00.000,-0.0003297431421,0.02931522944,-0.0006469094806,0.01227981933,-0.00002049881675,0.0129049103
2023-06-20 00:00:00.000,-0.0002978415298,0.02929498066,-0.000007577494346,0.01262765477,0.0003616426668,0.01285827784
2023-06-21 00:00:00.000,-0.0002286476602,0.02930746087,0.001028472115,0.01412838333,0.000469533893,0.01310630376
2023-06-22 00:00:00.000,-0.0002403689947,0.02927973566,0.0004990349476,0.01408976983,0.0005387789318,0.01305382275
2023-06-23 00:00:00.000,-0.0002284650733,0.0292521357,0.001202948947,0.01379779201,0.0006514914561,0.01305514574
2023-06-24 00:00:00.000,-0.0002387533974,0.02922431028,0.0009008904585,0.01384293348,0.0005444666955,0.01306556524
2023-06-25 00:00:00.000,-0.0002267973465,0.02919689589,0.0009317184962,0.01385327834,0.0008174641987,0.01291478217
2023-06-26 00:00:00.000,-0.000248807469,0.029172565,0.0005153642188,0.01403779321,0.0004834162381,0.01283908044
2023-06-27 00:00:00.000,-0.0002308364524,0.02914690449,0.00001724327476,0.01343089361,0.0005137583454,0.01285605207
2023-06-28 00:00:00.000,-0.0002589475172,0.0291254561,-0.0002974940734,0.01366684587,0.0003741577656,0.01295277842
2023-06-29 00:00:00.000,-0.0002477076092,0.02909822816,-0.0001445951925,0.01370679849,0.0003079610545,0.01291049997
2023-06-30 00:00:00.000,-0.0002008772685,0.02908942111,0.0009159987863,0.01430390947,0.0005853772329,0.01314705603
2023-07-01 00:00:00.000,-0.0002070968317,0.0290615641,0.0008162458472,0.01432399599,0.0006474288375,0.01311444037
2023-07-02 00:00:00.000,-0.0001986292079,0.02903408415,0.0005639144235,0.01419081915,0.0006306143442,0.01310886826
2023-07-03 00:00:00.000,-0.000188580526,0.0290069488,0.000878624665,0.01418105897,0.0005239673909,0.01303264284
2023-07-04 00:00:00.000,-0.0001949369459,0.02897935279,0.0006478465778,0.01419444449,0.0003256100151,0.01295534484
2023-07-05 00:00:00.000,-0.000214269772,0.02895483743,0.001180182321,0.01343029015,0.0003333226037,0.01294875485
2023-07-06 00:00:00.000,-0.000239605354,0.02893282735,-0.00003183466263,0.01303550324,0.0001972851918,0.01302906729
2023-07-07 00:00:00.000,-0.0002334797918,0.02890544008,0.0006216515539,0.01266017589,0.0002675640682,0.01302671663
2023-07-08 00:00:00.000,-0.0002354538914,0.02887782796,0.00038698983,0.01262662007,0.0002326966891,0.0130265786
2023-07-09 00:00:00.000,-0.0002350109826,0.0288502614,0.0004926849925,0.01260904477,0.00007590524193,0.01294234245
2023-07-10 00:00:00.000,-0.0002267695223,0.02882339163,0.001435344778,0.0117271795,0.0001877329433,0.01293304177
2023-07-11 00:00:00.000,-0.0002271009408,0.02879598094,0.001402334224,0.0117310375,0.00007248968949,0.01289103322
2023-07-12 00:00:00.000,-0.0002304860106,0.02876875245,0.001453338772,0.01171209871,-0.0002096684565,0.01265082766
2023-07-13 00:00:00.000,-0.0001592481707,0.02878816077,0.002757218954,0.01340790681,-0.000105506073,0.01292205556
2023-07-14 00:00:00.000,-0.0001933934642,0.02877167839,0.003001551937,0.01293193083,-0.0002837005049,0.0130613519
2023-07-15 00:00:00.000,-0.0001921257099,0.02874453733,0.002915751622,0.01294010866,-0.0003551357792,0.01303913409
2023-07-16 00:00:00.000,-0.0001904454575,0.0287174843,0.002338728179,0.01262584654,-0.0002188943737,0.01298468893
2023-07-17 00:00:00.000,-0.0002021427717,0.02869175242,0.002001610228,0.01272320961,-0.000342674212,0.01299022332
2023-07-18 00:00:00.000,-0.0002077328858,0.02866511552,0.001991212882,0.0127274592,0.0000533398563,0.01233028674
2023-07-19 00:00:00.000,-0.0002130437436,0.0286385264,0.001751396131,0.01275322317,0.00002898305548,0.01233426952
2023-07-20 00:00:00.000,-0.0002101843411,0.02861182549,0.001268300242,0.01247365149,0.000330833559,0.01202237884
2023-07-21 00:00:00.000,-0.0002099288668,0.0285851235,0.0001064187411,0.01074821908,0.0002377139678,0.01199231821
2023-07-22 00:00:00.000,-0.000219311957,0.02855932481,0.0001372538825,0.01073086609,0.0002190802474,0.01199961908
2023-07-23 00:00:00.000,-0.0002125827804,0.02853319804,0.00005688678852,0.01069581957,0.0003438811267,0.0119734045
2023-07-24 00:00:00.000,-0.000232402174,0.02851043733,-0.0001244313758,0.01083800137,0.0001338451903,0.0120035636
2023-07-25 00:00:00.000,-0.000226130711,0.02848440005,-0.0002147756864,0.01079752354,0.0001618838979,0.01200769859
2023-07-26 00:00:00.000,-0.000216938855,0.02845886675,0.0003269521578,0.01061821215,0.00008383093169,0.01195403682
2023-07-27 00:00:00.000,-0.0002262239317,0.02843342429,-0.0001473498283,0.01053629132,0.0000774798413,0.01195675161
2023-07-28 00:00:00.000,-0.0002158402746,0.0284082628,0.0005227304815,0.01021450412,0.00009004311321,0.0119618224
2023-07-29 00:00:00.000,-0.0002128759674,0.02838222462,0.0003850672168,0.01017244164,0.0001634414833,0.01194921986
2023-07-30 00:00:00.000,-0.0002227201835,0.0283571069,-0.0005984183204,0.009198569101,0.0002864872461,0.0118304426
2023-07-31 00:00:00.000,-0.0002254375735,0.02833119824,-0.0005415096915,0.009185806307,0.0001055019872,0.01173352406
2023-08-01 00:00:00.000,-0.000221020863,0.02830547833,-0.0006076501076,0.00915774486,0.00003906688927,0.01170421692
2023-08-02 00:00:00.000,-0.0002349663283,0.02828152802,-0.001037440708,0.009187200366,0.00004550708,0.01169964822
2023-08-03 00:00:00.000,-0.000234180147,0.02825576498,-0.0009143956321,0.009177880629,-0.0003484526797,0.01106699756
2023-08-04 00:00:00.000,-0.0002407425658,0.02823048651,-0.0007004867522,0.00902589995,-0.00009950622408,0.01072438261
2023-08-05 00:00:00.000,-0.0002343236679,0.02820526056,-0.0001424223301,0.008723608366,-0.0001009933219,0.01072389607
2023-08-06 00:00:00.000,-0.0002389366722,0.02817990953,-0.0003340682874,0.008716159638,0.00007864530262,0.01053836451
2023-08-07 00:00:00.000,-0.0002397468612,0.02815442534,-0.0003147307342,0.008714659794,0.00008022059663,0.01053823782
2023-08-08 00:00:00.000,-0.000220791488,0.02813254816,0.00002804966788,0.008927002803,0.0002034667443,0.01059241274
2023-08-09 00:00:00.000,-0.0002219774739,0.028107206,-0.0001379568918,0.008894917974,0.0003562496912,0.01047455533
2023-08-10 00:00:00.000,-0.0002246992321,0.02808199183,-0.0001825092163,0.00889962915,0.0002803712075,0.01046460096
2023-08-11 00:00:00.000,-0.0002257609811,0.02805678347,-0.0001426004622,0.008893813573,0.000280977959,0.01046453499
2023-08-12 00:00:00.000,-0.0002243118715,0.02803165264,-0.001371601795,0.005367794908,0.00030032136,0.01046345674
2023-08-13 00:00:00.000,-0.0002288774441,0.02800677678,-0.0008557610887,0.004333095247,0.0001977458502,0.01044772398
2023-08-14 00:00:00.000,-0.0002260286877,0.02798184091,-0.0008261113955,0.004345574242,0.0002158890923,0.01044833159
2023-08-15 00:00:00.000,-0.0002319732349,0.02795724572,-0.000968399154,0.004363668118,0.000174765537,0.01045593735
2023-08-16 00:00:00.000,-0.000243208888,0.02793363385,-0.0009728168876,0.004369446196,0.0001443811529,0.01047164681
2023-08-17 00:00:00.000,-0.0002941068931,0.02793497908,-0.001831564223,0.006719368905,-0.0001881666989,0.0109108458
2023-08-18 00:00:00.000,-0.0003188838204,0.02791641605,-0.002206365192,0.00709283334,-0.0003672928469,0.01100925963
2023-08-19 00:00:00.000,-0.000315189148,0.02789183882,-0.00219127503,0.007101070363,-0.0003101840943,0.01100685239
2023-08-20 00:00:00.000,-0.0003075066521,0.02786778892,-0.002054149008,0.007182637532,-0.0003064193838,0.01100829794
2023-08-21 00:00:00.000,-0.0003154390727,0.02784384511,-0.002039318682,0.00717625069,-0.0004676766171,0.01096628874
2023-08-22 00:00:00.000,-0.000331016746,0.02782180543,-0.002458880329,0.007214651038,-0.000399681531,0.01089201793
2023-08-23 00:00:00.000,-0.0003071957749,0.02780316391,-0.001653480591,0.007577621847,-0.0002923405027,0.01097899653
2023-08-24 00:00:00.000,-0.0003196803337,0.02778036633,-0.002006691863,0.007592440885,-0.0004299163512,0.01099019047
2023-08-25 00:00:00.000,-0.0003199062675,0.02775603013,-0.002180184187,0.007491377201,-0.0004459559367,0.01098914138
2023-08-26 00:00:00.000,-0.000323800641,0.02773191394,-0.002089939078,0.007469287052,-0.0007400152106,0.01067970596
2023-08-27 00:00:00.000,-0.0003150613054,0.02770849559,-0.00211426933,0.007445122167,-0.0006296776407,0.01068401195
2023-08-28 00:00:00.000,-0.0003177235709,0.02768442235,-0.002222455034,0.007415822703,-0.0006606610031,0.01068344432
2023-08-29 00:00:00.000,-0.0002776540124,0.02767705064,-0.001277449699,0.00867211491,-0.0003199564111,0.01093590562
2023-08-30 00:00:00.000,-0.0002861596862,0.02765376976,-0.001393326207,0.008701258044,-0.0003728633505,0.01094792522
2023-08-31 00:00:00.000,-0.0003172700454,0.0276399176,-0.002075421778,0.009198134278,-0.0007063858208,0.01103139555
2023-09-01 00:00:00.000,-0.0003267367263,0.02761693674,-0.00200613501,0.009160677637,-0.000721650351,0.01103754726
2023-09-02 00:00:00.000,-0.0003186217822,0.0275937697,-0.001866718429,0.009226957212,-0.000711089161,0.01104201765
2023-09-03 00:00:00.000,-0.000320654429,0.02757001524,-0.001788368983,0.00921951149,-0.0004362244713,0.0107021245
2023-09-04 00:00:00.000,-0.0003267152763,0.02754666673,-0.00202672087,0.009175686661,-0.0007336592874,0.01041378317
2023-09-05 00:00:00.000,-0.0003236113667,0.02752309307,-0.001884448234,0.009196584863,-0.0005322883226,0.01027706481
2023-09-06 00:00:00.000,-0.0003219064455,0.02749950909,-0.001839120103,0.009206032726,-0.0005889536692,0.01025595228
2023-09-07 00:00:00.000,-0.0003155814782,0.02747638079,-0.002069196297,0.008976074819,-0.0005161538789,0.01026065112
2023-09-08 00:00:00.000,-0.0003178452362,0.02745294135,-0.002094594432,0.008973672151,-0.0002657355152,0.009946859703
2023-09-09 00:00:00.000,-0.0003188163433,0.02742951743,-0.002066257375,0.008976178936,-0.0002821441222,0.009946652112
2023-09-10 00:00:00.000,-0.0003275691504,0.02740696515,-0.002221201099,0.008993975,-0.0003034875964,0.009955787978
2023-09-11 00:00:00.000,-0.000363458439,0.02739749885,-0.002956222815,0.009634982337,-0.0005235352187,0.01020197166
2023-09-12 00:00:00.000,-0.0003370449902,0.02738174878,-0.002356172518,0.01019078953,-0.00007012722335,0.009979964522
2023-09-13 00:00:00.000,-0.0003313027305,0.02735889021,-0.002299927331,0.01021668365,-0.00007009570154,0.009979974504
2023-09-14 00:00:00.000,-0.0003179327998,0.02733766969,-0.001928241982,0.01037067235,-0.0001859709857,0.009827033999
2023-09-15 00:00:00.000,-0.0003066538187,0.02731595158,-0.001497303684,0.01044004402,-0.0001561701146,0.009842969107
2023-09-16 00:00:00.000,-0.0003137757812,0.02729346181,-0.0006835508783,0.009090697094,-0.0001746340732,0.009849683501
2023-09-17 00:00:00.000,-0.000321449034,0.02727112015,-0.0003697605561,0.00876122786,-0.0002749098721,0.009851147118
2023-09-18 00:00:00.000,-0.0003109920318,0.02724938948,-0.0002318064411,0.008828445268,-0.0003849270766,0.009723933861
2023-09-19 00:00:00.000,-0.0003076395969,0.02722664287,-0.0003101522554,0.008799603563,-0.0007526275074,0.008976066253
2023-09-20 00:00:00.000,-0.0003175006546,0.02720489919,-0.0003565332714,0.008827778148,-0.0007528660235,0.008976212459
2023-09-21 00:00:00.000,-0.0003367434839,0.02718622271,-0.0004453606117,0.008932401688,-0.0009491180506,0.009023877696
2023-09-22 00:00:00.000,-0.0003300601972,0.02716401352,-0.0007644842218,0.008590842696,-0.0008474653961,0.009023845239
2023-09-23 00:00:00.000,-0.000330842663,0.02714137418,-0.0005432989957,0.008498074547,-0.0009215888486,0.008995394251
2023-09-24 00:00:00.000,-0.0003356204348,0.02711903797,-0.0006352372245,0.008511926726,-0.0008294897512,0.00892809334
2023-09-25 00:00:00.000,-0.0003338961785,0.02709653757,-0.0005267209446,0.008507406421,-0.000921336617,0.008868465817
2023-09-26 00:00:00.000,-0.000331456409,0.02707412654,-0.000645149391,0.008456823723,-0.0007455627466,0.00874866964
2023-09-27 00:00:00.000,-0.0003284075638,0.02705180884,-0.0005331840937,0.008462612243,-0.0007901906368,0.008726515951
2023-09-28 00:00:00.000,-0.0002967746827,0.02704065757,-0.0006638915513,0.008113479409,-0.0008465865236,0.008580225764
2023-09-29 00:00:00.000,-0.0002876120242,0.02701928063,-0.000315545324,0.008136962328,-0.0007501270743,0.008599787098
2023-09-30 00:00:00.000,-0.0002853853616,0.02699707088,0.0003289262139,0.007398170079,-0.000784715224,0.008585987974
2023-10-01 00:00:00.000,-0.0002572077505,0.02698382136,0.001084701482,0.007892246284,-0.0006529580786,0.008765129808
2023-10-02 00:00:00.000,-0.0002923999288,0.02697566466,0.0002145559041,0.008892117062,-0.0008555193856,0.009037929374
2023-10-03 00:00:00.000,-0.0002901194491,0.02695360333,0.0003012413296,0.00888750506,-0.0007292048018,0.008984193623
2023-10-04 00:00:00.000,-0.0002939310935,0.02693170242,0.0003420820529,0.008870579273,-0.0006090203823,0.008884044617
2023-10-05 00:00:00.000,-0.000309824789,0.02691256745,-0.00004190563024,0.009066657064,-0.0007534740507,0.008930866554
2023-10-06 00:00:00.000,-0.0002951564665,0.02689306326,0.0002255764583,0.009205747572,-0.0006427581264,0.008986011733
2023-10-07 00:00:00.000,-0.0002992086482,0.02687134235,0.0000200615376,0.009201759299,-0.0006736950305,0.008988576725
2023-10-08 00:00:00.000,-0.0003011160004,0.02684952857,0.00002566174044,0.009200763866,-0.000735629861,0.008974507507
2023-10-09 00:00:00.000,-0.0003262938565,0.02683501497,-0.0004726038633,0.00964592579,-0.0009071234848,0.009114426774
2023-10-10 00:00:00.000,-0.0003324282589,0.02681369344,-0.0004276667852,0.009624981132,-0.000930489449,0.009119991227
2023-10-11 00:00:00.000,-0.000334631847,0.02679204683,0.000231330243,0.008774026069,-0.001365498122,0.008150734896
2023-10-12 00:00:00.000,-0.0003475632487,0.02677233303,-0.0005544223313,0.008434332641,-0.001255451979,0.007985305142
2023-10-13 00:00:00.000,-0.0003386133353,0.02675166345,-0.000482632249,0.008475195314,-0.001202890325,0.008012378363
2023-10-14 00:00:00.000,-0.0003352023367,0.02673025096,-0.0006759878647,0.008350067314,-0.001190876334,0.008016076135
2023-10-15 00:00:00.000,-0.0003362678975,0.02670876822,-0.0009216395223,0.00824333815,-0.001130586698,0.00799664806
2023-10-16 00:00:00.000,-0.000316323509,0.02669197401,-0.0003667685202,0.008546256384,-0.0009606278738,0.008114133626
2023-10-17 00:00:00.000,-0.000329194056,0.0266725185,-0.0004828036582,0.008632831116,-0.001019643135,0.008148735044
2023-10-18 00:00:00.000,-0.000330089528,0.02665118136,-0.0007094931176,0.008548021817,-0.00104419153,0.008144935811
2023-10-19 00:00:00.000,-0.0003284928132,0.02662991598,-0.0007434718172,0.00854017555,-0.00103592436,0.008146310149
2023-10-20 00:00:00.000,-0.0003052652728,0.02661503745,-0.00006137333016,0.008898621437,-0.0008190750944,0.008291127632
2023-10-21 00:00:00.000,-0.0002935153777,0.02659547134,0.0005696058096,0.008703312484,-0.0007782117102,0.00832120208
2023-10-22 00:00:00.000,-0.000276602805,0.02657771217,0.0007925450401,0.008869625826,-0.0005418065908,0.008332203378
2023-10-23 00:00:00.000,-0.0002216317966,0.02659248611,0.001966225894,0.01077627473,-0.0001945883218,0.009103622176
2023-10-24 00:00:00.000,-0.0002124965932,0.02657239849,0.002258188495,0.01074990154,-0.0001857443056,0.009108870604
2023-10-25 00:00:00.000,-0.0002124466935,0.02655136773,0.002228687953,0.0107555263,-0.0001293240232,0.009092807319
2023-10-26 00:00:00.000,-0.0002007009575,0.0265320352,0.002431842134,0.01079174604,-0.0001091921959,0.009107231679
2023-10-27 00:00:00.000,-0.0002142130735,0.0265132891,0.002088709147,0.01098390807,-0.0002223099935,0.009151397368
2023-10-28 00:00:00.000,-0.0002160169397,0.02649244332,0.001415289467,0.01053139243,-0.0001753505944,0.009134383195
2023-10-29 00:00:00.000,-0.0002030534099,0.02647362964,0.001507849218,0.01057849086,-0.00006700743767,0.009173729563
2023-10-30 00:00:00.000,-0.0001983204403,0.02645311168,0.001566195298,0.01058079782,-0.00006010008898,0.009175685646
2023-10-31 00:00:00.000,-0.0001987746205,0.02643237477,0.0009874179194,0.01018190566,0.00002199479709,0.009137936257
2023-11-01 00:00:00.000,-0.0001813226227,0.02641537395,0.002077249269,0.009385731258,0.0001416955814,0.00921053181
2023-11-02 00:00:00.000,-0.0002013036722,0.02639957626,0.001607577649,0.009780509966,0.00004014999864,0.009304930604
2023-11-03 00:00:00.000,-0.0001870178751,0.02638145907,0.001994011779,0.00983646338,0.0001031243207,0.009346344543
2023-11-04 00:00:00.000,-0.0001727954392,0.02636337163,0.002627170943,0.009644822179,0.0002336056928,0.009387448899
2023-11-05 00:00:00.000,-0.0001544002812,0.02634699923,0.002726409645,0.009724413252,0.0003709553332,0.009463936376
2023-11-06 00:00:00.000,-0.000155710298,0.02632655656,0.00278600588,0.009694891249,0.000245623707,0.009405740195
2023-11-07 00:00:00.000,-0.0001607940335,0.02630645779,0.002720483686,0.009731250156,0.0002171836649,0.009413049469
2023-11-08 00:00:00.000,-0.0001566270399,0.02628630256,0.003332853821,0.009079469859,0.0002646641944,0.009413853845
2023-11-09 00:00:00.000,-0.00006544861168,0.02636833128,0.005434332121,0.01351038291,0.0009284880788,0.01126178603
2023-11-10 00:00:00.000,-0.00006644595698,0.02634798974,0.005467122907,0.01349366258,0.0009140767784,0.01126306124
2023-11-11 00:00:00.000,-0.00008336117754,0.02633121481,0.005376814959,0.01359800115,0.0008220733699,0.01132722075
2023-11-12 00:00:00.000,-0.00008036473511,0.02631106331,0.005265381288,0.01361310185,0.0008276072362,0.01132761274
2023-11-13 00:00:00.000,-0.00007338201841,0.02629145194,0.005355025914,0.01359822594,0.0009169320222,0.01132426693
2023-11-14 00:00:00.000,-0.0001071729227,0.02628546884,0.004650366055,0.01445931618,0.0007438076162,0.01155654144
2023-11-15 00:00:00.000,-0.00007896791943,0.02627523671,0.004858028344,0.01461403844,0.001269236315,0.01126260187
2023-11-16 00:00:00.000,-0.0001169230456,0.02627310436,0.00430538967,0.01542226461,0.001150941819,0.01148167513
2023-11-17 00:00:00.000,-0.0001187264282,0.02625308152,0.00429171692,0.01542721027,0.001116805787,0.01148437373
2023-11-18 00:00:00.000,-0.0001144412662,0.02623329386,0.004359236067,0.01541524549,0.001101870665,0.01148140208
2023-11-19 00:00:00.000,-0.00009579864273,0.02621768346,0.004289036148,0.01537334926,0.001290376515,0.01152239632
2023-11-20 00:00:00.000,-0.00008693566403,0.02619874161,0.004244352332,0.01536688789,0.001456199177,0.01147733346
2023-11-21 00:00:00.000,-0.000122029378,0.02619437646,0.003124012589,0.01611263756,0.001050691136,0.01169865682
2023-11-22 00:00:00.000,-0.00006898223836,0.02621003238,0.003141746802,0.01614851254,0.0015215579,0.01219553529
2023-11-23 00:00:00.000,-0.00006635687049,0.02619028594,0.003012319955,0.01614408959,0.001545090408,0.01219373358
2023-11-24 00:00:00.000,-0.00006030065191,0.02617096187,0.003149980827,0.01613352604,0.001617315945,0.01218844689
2023-11-25 00:00:00.000,-0.00005844411917,0.02615126141,0.002947917063,0.01611856172,0.001578203269,0.01218411479
2023-11-26 00:00:00.000,-0.00006527772833,0.02613215596,0.003087187078,0.01603154138,0.00154757071,0.01219627968
2023-11-27 00:00:00.000,-0.00008257613739,0.02611631605,0.002746368872,0.01623674731,0.001165922263,0.01206163843
2023-11-28 00:00:00.000,-0.00007141433344,0.02609829392,0.002723722057,0.01622957891,0.001305341984,0.01205991803
2023-11-29 00:00:00.000,-0.00008091150298,0.0260798778,0.002415985231,0.01631505952,0.001437035581,0.01190752838
2023-11-30 00:00:00.000,-0.0000737676987,0.02606100466,0.002588879735,0.01631070066,0.001553666379,0.01188725149
2023-12-01 00:00:00.000,-0.00005585505299,0.02604564707,0.002620786433,0.01632858845,0.001637530535,0.01193394765
2023-12-02 00:00:00.000,-0.00002415851474,0.02603915061,0.003760843017,0.01639496461,0.001889887332,0.01210576411
2023-12-03 00:00:00.000,-0.00001219014531,0.02602158979,0.003729123273,0.01638545622,0.002021739035,0.01210718975
2023-12-04 00:00:00.000,0.00000339053947,0.02600536266,0.003779643348,0.01640445944,0.00212163622,0.01213974135
2023-12-05 00:00:00.000,0.00002593562102,0.02599262581,0.003897146323,0.01647542459,0.002283044142,0.01221658067
2023-12-06 00:00:00.000,0.000004348929324,0.02597939064,0.003445622317,0.01679672855,0.002083896578,0.01234395094
2023-12-07 00:00:00.000,0.00005387259214,0.02599205256,0.004676360598,0.01760792017,0.002474168675,0.01277263543
2023-12-08 00:00:00.000,0.00005639938581,0.02597290377,0.0046506693,0.01761171381,0.002503639752,0.01276784991
2023-12-09 00:00:00.000,0.00005180230177,0.02595399036,0.002584422032,0.01436046007,0.002530362456,0.01275349219
2023-12-10 00:00:00.000,0.00005653227566,0.02593513606,0.002716961375,0.01434732282,0.002805138175,0.01249444312
2023-12-11 00:00:00.000,0.000004941282955,0.0259509262,0.00191816126,0.01574037417,0.002246851296,0.01304393689
2023-12-12 00:00:00.000,-0.000009491807875,0.02593457275,0.001528450713,0.01588573572,0.002103733251,0.01310547011
2023-12-13 00:00:00.000,0.00001875478088,0.02592602058,0.002021194552,0.01620622498,0.002233410867,0.01321756554
2023-12-14 00:00:00.000,0.00004369618924,0.02591520499,0.003327613858,0.01576517124,0.002352113464,0.01330283312
2023-12-15 00:00:00.000,0.00001527648807,0.02590689091,0.002069804572,0.01602929571,0.002187021465,0.01348030484
2023-12-16 00:00:00.000,0.00001038307811,0.025888263,0.002789900113,0.01523989655,0.002204162042,0.01347219711
2023-12-17 00:00:00.000,0.000002863160806,0.02587010932,0.002661622174,0.01529161727,0.002081281992,0.01348843358
2023-12-18 00:00:00.000,0.000007385601219,0.02585151844,0.002675393998,0.01529183592,0.002097052749,0.0134888012
2023-12-19 00:00:00.000,-0.000005371285186,0.02583486381,0.00197800209,0.01532177282,0.002068554969,0.01350923092
2023-12-20 00:00:00.000,-0.000007398768341,0.0258161365,0.001739761707,0.01531674667,0.002184573283,0.01343302864
2023-12-21 00:00:00.000,0.00001384358295,0.02580342909,0.003003048723,0.01473658881,0.002306535451,0.01349637681
2023-12-22 00:00:00.000,0.00004901734306,0.02580129651,0.002648941454,0.01405450449,0.00258563805,0.01368975092
2023-12-23 00:00:00.000,0.00003590208071,0.02578492847,0.002292416271,0.01421496524,0.002520974907,0.0137311021
2023-12-24 00:00:00.000,0.00002661072645,0.02576745192,0.001947352188,0.01429876553,0.002442006989,0.01376207004
2023-12-25 00:00:00.000,0.00002951064331,0.0257489673,0.00197624272,0.01429802141,0.002452000639,0.01376144028
2023-12-26 00:00:00.000,0.00001093889951,0.02573506721,0.001700407483,0.01450760431,0.002292101236,0.0138557561
2023-12-27 00:00:00.000,0.00007050054519,0.02576450788,0.003468802899,0.01598985787,0.002543487079,0.01435560439
2023-12-28 00:00:00.000,0.00006152331733,0.0257470831,0.003017170419,0.01606725045,0.002416247232,0.01438193779
2023-12-29 00:00:00.000,0.00003648806872,0.02573710697,0.002650585199,0.01641165215,0.002210921909,0.01453255057
2023-12-30 00:00:00.000,0.00003724982328,0.02571867193,0.002512940563,0.01641120218,0.002029746073,0.01444908551
2023-12-31 00:00:00.000,0.00002815167721,0.02570139585,0.001904301985,0.01638856984,0.002200779229,0.01425454241
2024-01-01 00:00:00.000,0.00005568472133,0.02569337453,0.001841511768,0.01631548815,0.002403310811,0.01436778329
2024-01-02 00:00:00.000,0.0000574458044,0.02567508416,0.001617291078,0.01627383871,0.00244680871,0.01435831868
2024-01-03 00:00:00.000,0.000008093501636,0.02569013747,0.0001135966196,0.01746762469,0.002173470304,0.01482520575
2024-01-04 00:00:00.000,0.00003770225833,0.02568387695,0.0003020593764,0.01766537619,0.002308538448,0.01494023242
2024-01-05 00:00:00.000,0.00003197142221,0.02566608014,0.000653477512,0.01746354537,0.002295035237,0.01494543811
2024-01-06 00:00:00.000,0.00002187540564,0.02564927364,-0.0006991278636,0.0163704084,0.00223257214,0.01497309009
2024-01-07 00:00:00.000,0.00001505294487,0.02563174394,-0.0009179984055,0.01638022517,0.002355174905,0.01486828833
2024-01-08 00:00:00.000,0.00004301891395,0.0256244173,-0.000155485651,0.01680400639,0.002621089501,0.01496492539
2024-01-09 00:00:00.000,0.00006087602757,0.02561072878,0.0001591896124,0.01695792308,0.002781091298,0.01499519562
2024-01-10 00:00:00.000,0.0001533381528,0.02571097574,0.003517000536,0.01952905971,0.003603992252,0.01634845327
2024-01-11 00:00:00.000,0.0001618870643,0.02569387425,0.004052187462,0.01937020043,0.003615339821,0.01634993514
2024-01-12 00:00:00.000,0.0001282695391,0.02569146387,0.002617905042,0.01979410356,0.003331375169,0.01660210614
2024-01-13 00:00:00.000,0.000149802211,0.02567985327,0.00256548264,0.01975660058,0.003514487518,0.01664463618
2024-01-14 00:00:00.000,0.0001214621924,0.02567300949,0.002542496251,0.01978341562,0.003156776389,0.01680304294
2024-01-15 00:00:00.000,0.0001362994978,0.02565809241,0.00301139108,0.01980595433,0.003368893621,0.01677649541
2024-01-16 00:00:00.000,0.0001593753232,0.02564757727,0.003738286771,0.01989612116,0.003563875288,0.01682833998
2024-01-17 00:00:00.000,0.0001348551075,0.02563806929,0.003053906801,0.02026812412,0.003362845622,0.01697074971
2024-01-18 00:00:00.000,0.0001144288045,0.02562603012,0.002861844196,0.0204108235,0.003042960811,0.01703428143
2024-01-19 00:00:00.000,0.0001232239423,0.02560926439,0.003123192197,0.02040453595,0.003035768745,0.01703269205
2024-01-20 00:00:00.000,0.0001150850551,0.02559238106,0.002443638914,0.02034681161,0.002856900076,0.01703942368
2024-01-21 00:00:00.000,0.0001173484929,0.02557467462,0.001691242645,0.0199229241,0.002493976967,0.01670437182
2024-01-22 00:00:00.000,0.00006210284176,0.02560000826,0.0006664670634,0.02124034844,0.001990401096,0.01728423284
2024-01-23 00:00:00.000,0.00003379219499,0.02559359687,0.0001996841184,0.02155264231,0.001765672378,0.01744353324
2024-01-24 00:00:00.000,0.00003006721388,0.02557608755,0.0000429425464,0.02155590178,0.001655700776,0.01743986745
2024-01-25 00:00:00.000,0.00002494695334,0.02555879024,0.0003494668671,0.02143085161,0.001712353809,0.01741384567
2024-01-26 00:00:00.000,0.00004325269849,0.02554591953,-0.000588897345,0.02014626792,0.001875424809,0.01745341075
2024-01-27 00:00:00.000,0.00004560118964,0.02552839839,-0.0003243229103,0.02012232414,0.001805523189,0.01744103063
2024-01-28 00:00:00.000,0.00003626072932,0.0255120798,0.0000309712994,0.01990309394,0.001699180576,0.01746395957
2024-01-29 00:00:00.000,0.0000629286828,0.02550471758,0.0006612461096,0.020217618,0.001921022136,0.0175623903
2024-01-30 00:00:00.000,0.00008130118877,0.02549205218,0.001321456458,0.02030459837,0.001948848292,0.01757886581
2024-01-31 00:00:00.000,0.00004984748493,0.02548877655,-0.00008654927217,0.02047666002,0.001838601838,0.01770426911
2024-02-01 00:00:00.000,0.00005848207325,0.02547240768,0.00008273076434,0.02050941445,0.001809715038,0.01769462062
2024-02-02 00:00:00.000,0.00006152979978,0.02545513629,0.001313720386,0.01943370164,0.001735653451,0.01767830689
2024-02-03 00:00:00.000,0.00005849438413,0.02543789963,0.0005464162697,0.01908698144,0.00158187399,0.01765106206
2024-02-04 00:00:00.000,0.00005531567423,0.02542071152,0.0006039055969,0.01907540151,0.001567668475,0.01765367705
2024-02-05 00:00:00.000,0.0000580781231,0.02540352318,0.0009100487407,0.01902118952,0.001629093825,0.01764567387
2024-02-06 00:00:00.000,0.00008782334526,0.02539909944,0.001802779114,0.0193691789,0.001845150003,0.01777546039
2024-02-07 00:00:00.000,0.0001046506706,0.02538597839,0.001559160127,0.01917985274,0.001329365503,0.01674408979
2024-02-08 00:00:00.000,0.000106150884,0.02536880617,0.001176146657,0.01906400596,0.001350765881,0.01674268126
2024-02-09 00:00:00.000,0.0001300344463,0.0253599599,-0.0004214866087,0.01505653794,0.001671225063,0.0167784181
2024-02-10 00:00:00.000,0.0001321662537,0.02534288544,-0.0005722169564,0.01501020037,0.00166947374,0.01677840562
2024-02-11 00:00:00.000,0.0001291200558,0.02532591514,0.0001493056528,0.01436274788,0.001596135082,0.01678044175
2024-02-12 00:00:00.000,0.000182718337,0.02535097684,0.0009650249316,0.01587846966,0.002286040477,0.01706759277
2024-02-13 00:00:00.000,0.000177885869,0.02533425413,0.001520769373,0.01540090034,0.002044356732,0.01699155971
2024-02-14 00:00:00.000,0.0002217597712,0.02534552879,0.002258562955,0.01635774216,0.002686618049,0.01705248189
2024-02-15 00:00:00.000,0.0002394763657,0.02533313455,0.002151221245,0.01627032105,0.00285037673,0.01708450532
2024-02-16 00:00:00.000,0.0002272732321,0.02531834648,0.00243606641,0.01598819857,0.00272178907,0.01712916923
2024-02-17 00:00:00.000,0.0002291978301,0.02530144887,0.002976003174,0.01566569816,0.002605283153,0.01709993946
2024-02-18 00:00:00.000,0.0002553567749,0.02529466377,0.003422140328,0.01595559281,0.002761698077,0.01719311021
2024-02-19 00:00:00.000,0.0002823774722,0.02528860161,0.004297395482,0.0161547968,0.003248027706,0.01706768653
2024-02-20 00:00:00.000,0.0002963603057,0.02527464188,0.004598610873,0.01618981095,0.002979598324,0.01675065295
2024-02-21 00:00:00.000,0.0002663500469,0.0252712124,0.005181899451,0.01479096063,0.002713594262,0.01696047422
2024-02-22 00:00:00.000,0.0002885040242,0.02526172005,0.006427059109,0.0141196518,0.002858031805,0.01702633688
2024-02-23 00:00:00.000,0.0002769629948,0.02524692944,0.006235381174,0.01428536691,0.002751522147,0.01706693393
2024-02-24 00:00:00.000,0.0002914371291,0.0252333163,0.006731616378,0.0141872109,0.002927163576,0.01707173843
2024-02-25 00:00:00.000,0.0003263054961,0.02523481841,0.007176183198,0.01460347288,0.003352029584,0.01718194907
2024-02-26 00:00:00.000,0.0003453108181,0.02522354392,0.007608274147,0.01462915354,0.003433707219,0.01721866
2024-02-27 00:00:00.000,0.0003656665539,0.02521310752,0.008359247897,0.01444352324,0.003680268132,0.01723490979
2024-02-28 00:00:00.000,0.0003910606566,0.02520618148,0.008364667621,0.0144478688,0.003846284765,0.01731659518
2024-02-29 00:00:00.000,0.0003985519339,0.02519041772,0.008118320066,0.01442071222,0.003781359503,0.01729689791
2024-03-01 00:00:00.000,0.0004139860803,0.02517743993,0.009286829854,0.01318718502,0.00368059745,0.01722045811
2024-03-02 00:00:00.000,0.0004080240679,0.02516143039,0.008936848738,0.01340478497,0.003545623527,0.0172336765
2024-03-03 00:00:00.000,0.0004293120669,0.02515178956,0.009415458795,0.01341569363,0.0036142586,0.01727383184
2024-03-04 00:00:00.000,0.0004522505582,0.02514329738,0.01008615162,0.01331931517,0.003644875754,0.01729702211
2024-03-05 00:00:00.000,0.0004386130487,0.02512966796,0.009829398724,0.01363633891,0.003695593944,0.01724971388
2024-03-06 00:00:00.000,0.0005290488745,0.0252376615,0.01208353131,0.01738624868,0.004098150728,0.01834089639
2024-03-07 00:00:00.000,0.0005232067094,0.02522170143,0.01121912469,0.01752135674,0.004034635133,0.01835895795
2024-03-08 00:00:00.000,0.0005407974147,0.02520996802,0.01127000732,0.01752743932,0.004224560599,0.01837314459
2024-03-09 00:00:00.000,0.0005400482858,0.0251935585,0.01122838762,0.01755360575,0.004187907962,0.01837837304
2024-03-10 00:00:00.000,0.0005251926261,0.02518054694,0.01027242773,0.01796070116,0.004455980552,0.0179714228
2024-03-11 00:00:00.000,0.0005787378305,0.0252080744,0.01160905578,0.01877509909,0.005029675428,0.01833097288
2024-03-12 00:00:00.000,0.0005527913399,0.02520203475,0.01103159443,0.01946588408,0.004599601709,0.018447173
2024-03-13 00:00:00.000,0.0005627442021,0.02518722703,0.009974718126,0.01868663503,0.004501741899,0.01840367284
2024-03-14 00:00:00.000,0.0005320281292,0.02518543155,0.00931475618,0.01950734306,0.004459340602,0.01846364781
2024-03-15 00:00:00.000,0.0004925955102,0.02519308472,0.007218349694,0.02025443078,0.00416276791,0.01880155369
2024-03-16 00:00:00.000,0.000445519317,0.0252109561,0.005569120707,0.02169370459,0.003819542908,0.01925004187
2024-03-17 00:00:00.000,0.0004729983309,0.02520634751,0.00659155329,0.02171221831,0.004027175501,0.01934285596
2024-03-18 00:00:00.000,0.0004483899404,0.02519947185,0.00591357989,0.02218372668,0.00391714242,0.01944436823
2024-03-19 00:00:00.000,0.0003500760133,0.02533232507,0.002714899667,0.02658979864,0.003086744064,0.02119145519
2024-03-20 00:00:00.000,0.0004547503059,0.02548429207,0.004764071149,0.03014103345,0.003835035182,0.02273701554
2024-03-21 00:00:00.000,0.0004461055982,0.02546909657,0.00419472942,0.03018469543,0.00349486098,0.02265598774
2024-03-22 00:00:00.000,0.0003935099535,0.0254952458,0.003580984945,0.03091962754,0.003143117153,0.02309408334
2024-03-23 00:00:00.000,0.0004121108098,0.02548425511,0.003514641129,0.03089207947,0.003380461452,0.02310463682
2024-03-24 00:00:00.000,0.0004376705531,0.02547802998,0.004476787186,0.03095719208,0.003585036969,0.02317403464
2024-03-25 00:00:00.000,0.0004827953619,0.02549314603,0.005298644219,0.03146508718,0.004126575821,0.02335377357
2024-03-26 00:00:00.000,0.000478326471,0.02547721125,0.004309255039,0.03123632534,0.003632180297,0.02302306648
2024-03-27 00:00:00.000,0.0004514230772,0.02547218298,0.003128989082,0.03149750505,0.003470980106,0.02314306464
2024-03-28 00:00:00.000,0.00047150869,0.02546223817,0.003145786661,0.03150461525,0.003845335286,0.02307384675
2024-03-29 00:00:00.000,0.0004555856519,0.02545000727,0.002088068031,0.03146440273,0.003704660587,0.02313256606
2024-03-30 00:00:00.000,0.0004508927147,0.02543421618,0.001776859161,0.03146968363,0.003738878562,0.02311982791
2024-03-31 00:00:00.000,0.0004902030802,0.0254421467,0.002423574311,0.03188666928,0.003874618298,0.02324789496
2024-04-01 00:00:00.000,0.0004520790346,0.02544868603,0.001571075187,0.03240555219,0.00353021823,0.02351464579
2024-04-02 00:00:00.000,0.0003880384083,0.02549647333,-0.0006616883097,0.0336157106,0.00335583029,0.0238565929
2024-04-03 00:00:00.000,0.0003966831922,0.02548155664,-0.001018432394,0.03346780061,0.003204711831,0.02378749105
2024-04-04 00:00:00.000,0.0003985118015,0.02546555746,-0.0006240700027,0.03342823693,0.003269744773,0.02377556342
2024-04-05 00:00:00.000,0.0003980112094,0.02544954027,-0.002947817173,0.03068029378,0.003348587625,0.02375255792
